宽松直筒的版型,直筒版型,0
对身材没有要求且能遮住肚子上的肉肉哦!,直筒版型,1
宽松直筒的版型,遮肉,0
对身材没有要求且能遮住肚子上的肉肉哦!,遮肉,1
宽松的裤型设计,宽松裤型,0
增添休闲感和灵动感,宽松裤型,1
显得随性又洒脱。,宽松裤型,1
再加上高腰的版型更是将腰线提升到了一个新的高度,提腰线,0
不仅在视觉上拉长你的身材比例,拉长身材比例,0
还将你纤细的小蛮腰勾勒出来。,拉长身材比例,1
宽松的版型设计,宽松版型设计,0
遮肉显瘦,宽松版型设计,1
不挑身材。,宽松版型设计,1
这款裤子采用直筒的裤型设计,直筒裤型设计,0
能够修饰腿部线条,直筒裤型设计,1
勾勒出曼妙的身姿曲线。,勾勒曼妙曲线,0
我觉得它比你想象中的要好看很多哦,比想象中好看很多,0
裙子的下摆是一个不规则的设计,不规则设计,0
外套的门襟和袖口都采用了撞色的小纽扣进行点缀,撞色小纽扣,0
对身材的包容性也很强。,包容性强,0
上身遮肉显瘦,包容性强,1
显得人高挑又纤瘦。,显高挑,0
长度刚好到大腿中部,显高挑,1
露出最纤细的小腿部分,显高挑,1
宽松的版型设计,宽松版型,0
不挑身材,宽松版型,1
任何体型的人都可以自由自在的驾驭。,宽松版型,1
宽松直筒的版型设计,宽松版型,0
对身材没有太大的限制,宽松版型,1
反而多了一些俏皮和可爱。,不单调,0
让整条裙子看起来不那么单调,不单调,1
修饰精致的脸型。,修饰脸型,0
优雅大方的V领设计,修饰脸型,1
露出性感的锁骨,修饰脸型,1
可以减少腰部的束缚感。,减少束缚感,0
袖口和领口都做了荷叶边的设计,荷叶边设计,0
但是上身之后真的超级好看啊,不单调,0
让整件吊带裙看起来不那么单调,不单调,1
可以遮住肚子上的小赘肉和不完美的身材啦,遮赘肉,0
上身特别舒服,遮赘肉,1
版型是偏宽松的小A字版哦,遮赘肉,1
辅以流畅的圆领裁剪,圆领剪裁,0
有效的柔和颈部与脸部的线条。,圆领剪裁,1
有效的柔和颈部与脸部的线条。,柔和颈部线条,0
辅以流畅的圆领裁剪,柔和颈部线条,1
有效的柔和颈部与脸部的线条。,柔和脸部线条,0
辅以流畅的圆领裁剪,柔和脸部线条,1
趣味横生又不显得过分张扬,不张扬,0
恰到好处地表达了设计师对梦想的憧憬和向往,不张扬,1
翻领的领型设计,方领,0
有助于衬托出精致的脸庞,方领,1
有助于衬托出精致的脸庞,衬托精致脸庞,0
翻领的领型设计,衬托精致脸庞,1
能够修饰颈部的线条,修饰颈部线条,0
圆领的设计简约大方,修饰颈部线条,1
看上去非常的休闲。,修饰颈部线条,1
圆领的设计可以修饰脖子的线条,修饰脖子线条,0
显得人更加娇小可爱哦!,修饰脖子线条,1
显得人更加娇小可爱哦!,显娇小,0
圆领的设计可以修饰脖子的线条,显娇小,1
直筒的裤型设计可以修饰不完美的腿型,修饰腿型,0
打破了纯色的单调与沉闷,打破单调,0
胸前一侧的撞色字母印花设计,打破单调,1
修饰不完美的腿型,修饰腿型,0
宽松的阔腿裤型,修饰腿型,1
显腿笔直修长。,修饰腿型,1
让裤子看起来不那么单调,不单调,0
这款连衣裙采用雪纺的面料,雪纺面料,0
轻薄飘逸,雪纺面料,1
仙气十足。,雪纺面料,1
采用薄棉的面料,薄棉面料,0
VIMASSTUDIO的这件小外套,薄棉面料,1
整体的版型是偏宽松的那种,版型宽松,0
对各种身材都有很好的包容性,版型宽松,1
对各种身材都有很好的包容性,包容性好,0
整体的版型是偏宽松的那种,包容性好,1
对身材包容性很好,包容性好,0
落肩版型的开衫,包容性好,1
宽松额版型,包容性好,1
同时还衬托出纤细修长的颈部线条。,衬托颈部线条,0
露出精致的锁骨和优美的天鹅颈。,露出精致锁骨,0
露出精致的锁骨和优美的天鹅颈。,露出优美天鹅颈,0
腰部做了收腰的处理,收腰处理,0
将腰线拉高了好几倍,收腰处理,1
将腰线拉高了好几倍,拉高腰线,0
腰部做了收腰的处理,拉高腰线,1
拉伸身材的比例,拉伸身材比例,0
竖条纹理视觉显瘦,拉伸身材比例,1
具有显瘦显高挑的效果。,拉伸身材比例,1
显得手臂更加纤细。,显手臂纤细,0
这条裙子是无袖的设计,显手臂纤细,1
露出了纤细的双臂,显手臂纤细,1
微胖的妹子也能轻松驾驭哦!,微胖也能驾驭,0
让整件裙子看起来不那么单调。,不单调,0
领口的褶边设计,不单调,1
首先是版型的设计上采用了直筒的裤型来进行设计制作,直筒裤型,0
露出精致的锁骨线条,露出精致锁骨线条,0
很有民族风的一款连衣裙,露出精致锁骨线条,1
方领的设计,露出精致锁骨线条,1
反而多了一些精致的感觉。,不单调,0
让整条裙子看起来不那么单调,不单调,1
这条半身裙的设计亮点之一是在其下摆的设计上,下摆设计是亮点,0
这样可以遮住身上的赘肉和不完美的身材,遮赘肉,0
袖口和衣摆都做了收紧的处理,袖口收紧处理,0
这样就不用担心衣服会往下掉了,袖口收紧处理,1
袖口和衣摆都做了收紧的处理,衣摆收紧处理,0
这样就不用担心衣服会往下掉了,衣摆收紧处理,1
拉伸腿部的线条比例,拉伸腿部线条,0
小宽松的轮廓结合,拉伸腿部线条,1
小宽松的轮廓结合,小宽松轮廓,0
拉伸腿部的线条比例,小宽松轮廓,1
顺利地裸露出漂亮的腿部肌肤,露出腿部肌肤,0
裙子的下摆则使用了开叉的处理,露出腿部肌肤,1
这款海军领T恤最大的亮点就在于它衣身的海军风条纹剪裁设计,海军风条纹设计,0
金银色丝线刺绣的棕榈树和蝴蝶图案,棕榈树图案,0
非常重工的一款T恤,棕榈树图案,1
让衣身的层次感更加丰富。,丰富的层次感,0
露出一小部分的肌肤也不用太担心走光的问题啦,不用担心走光,0
而且这样的一件T恤无论是单穿还是作为内搭都完全OK的,不用担心走光,1
而且这样的一件T恤无论是单穿还是作为内搭都完全OK的,单穿还是内搭都OK,0
露出一小部分的肌肤也不用太担心走光的问题啦,单穿还是内搭都OK,1
轻松拉长女性的身材比例。,拉长身材比例,0
短款的裁剪处理,拉长身材比例,1
连体裤是今年非常流行的款式,流行款式,0
它既不像连衣裙那样性感,流行款式,1
这款职业半身裙,桑蚕丝裙面,0
采用桑蚕丝的裙面材质设计而成。,桑蚕丝裙面,1
腰部抽绳褶皱设计,腰部抽绳设计,0
增添裙身层次感,腰部抽绳设计,1
行走间尽显飘逸灵动气息。,腰部抽绳设计,1
腰部抽绳褶皱设计,腰部褶皱设计,0
增添裙身层次感,腰部褶皱设计,1
行走间尽显飘逸灵动气息。,腰部褶皱设计,1
采用了V领的设计,V领设计,0
这款衬衫的设计亮点之一是在其领口的设计上,V领设计,1
胸前的两个口袋,胸前口袋,0
可以装一些随身的小东西哦!,胸前口袋,1
可以装一些随身的小东西哦!,可放随身小物,0
胸前的两个口袋,可放随身小物,1
袖口做了收口的设计,袖口收口设计,0
让袖子看起来不那么单调,袖口收口设计,1
让袖子看起来不那么单调,不单调,0
袖口做了收口的设计,不单调,1
袖口和衣摆都用钉珠进行点缀,钉珠点缀,0
领口,钉珠点缀,1
即使是微胖的妹子也可以轻松驾驭哦!,微胖轻松驾驭,0
下摆采用前短后长的设计,下摆前长后短,0
在视觉上有显瘦的作用。,视觉显瘦,0
竖向条纹的设计,视觉显瘦,1
裙子的领子是V领的设计,V领设计,0
露出了纤细的锁骨和优美的天鹅颈,V领设计,1
露出了纤细的锁骨和优美的天鹅颈,露出纤细锁骨,0
裙子的领子是V领的设计,露出纤细锁骨,1
露出了纤细的锁骨和优美的天鹅颈,露出天鹅颈,0
裙子的领子是V领的设计,露出天鹅颈,1
令回头率随之增长。,增长回头率,0
而吊带的款式,增长回头率,1
则用于增添性感指数,增长回头率,1
袖子是喇叭袖的设计,喇叭袖设计,0
可以遮住腿上的肉肉哦,遮住腿上肉肉,0
中长款的长度刚刚好到大腿中部的位置,遮住腿上肉肉,1
裙子的长度刚好遮住了大腿上的肉肉,遮住大腿上肉肉,0
小个子MM也能轻松驾驭哦!,遮住大腿上肉肉,1
小个子MM也能轻松驾驭哦!,小个子也能驾驭,0
裙子的长度刚好遮住了大腿上的肉肉,小个子也能驾驭,1
V领的袖型设计,V领袖型设计,0
能够修饰肩部的线条,V领袖型设计,1
打造小v脸的效果。,V领袖型设计,1
能够修饰肩部的线条,修饰肩部线条，打造小V脸,0
V领的袖型设计,修饰肩部线条，打造小V脸,1
打造小v脸的效果。,修饰肩部线条，打造小V脸,1
胸前的荷叶边是一大亮点,不单调,0
让整条裙子看起来不那么单调了!,不单调,1
一方面可以遮挡住手臂上的赘肉,遮挡手臂上的赘肉,0
袖口的设计也是一大亮点,遮挡手臂上的赘肉,1
为衣服增添了亮点,增添亮点,0
前身采用钉珠链条装饰,增添亮点,1
在衣襟处采用了系带的方式来进行装饰,系带装饰,0
这款中长款的风衣外套,系带装饰,1
所以在穿着的时候可以很轻松地把你身上多余的小赘肉都隐藏起来了。,轻松隐藏小赘肉,0
若隐若现的露出腿部肌肤,若隐若现露出腿部肌肤,0
新款蕾丝半裙,若隐若现露出腿部肌肤,1
微透的网纱面料,若隐若现露出腿部肌肤,1
高腰的版型,高腰版型,0
气场全开的一款阔腿裤,高腰版型,1
收束出纤细的小蛮腰,高腰版型,1
收束出纤细的小蛮腰,收束小蛮腰,0
气场全开的一款阔腿裤,收束小蛮腰,1
高腰的版型,收束小蛮腰,1
还可以携带一些随身小物,携带随身小物,0
实用性也很强哦!,携带随身小物,1
实用性也很强哦!,实用性强,0
还可以携带一些随身小物,实用性强,1
方领的设计,方领设计,0
露出好看的锁骨和纤细的脖颈,方领设计,1
露出好看的锁骨和纤细的脖颈,露出锁骨,0
方领的设计,露出锁骨,1
露出好看的锁骨和纤细的脖颈,露出脖颈,0
方领的设计,露出脖颈,1
高腰的版型能够拉长身体比例,高腰版型,0
显得腿部更加纤细迷人!,高腰版型,1
高腰的版型能够拉长身体比例,拉长比例,0
显得腿部更加纤细迷人!,拉长比例,1
显得腿部更加纤细迷人!,显得腿部纤细迷人,0
高腰的版型能够拉长身体比例,显得腿部纤细迷人,1
腰部抽绳松紧加抽绳设计,松紧设计,0
可随自身需求调节腰围大小。,松紧设计,1
可随自身需求调节腰围大小。,可调节腰围大小,0
腰部抽绳松紧加抽绳设计,可调节腰围大小,1
这样一来就不会像普通衬衣那样显得过于随意了,不会显得随意,0
而泡泡袖的设计,泡泡袖设计,0
更是将甜美与可爱完美的融合在了一起,泡泡袖设计,1
打破衣身的单调与沉闷,打破单调,0
胸前口袋点缀,打破单调,1
增添视觉层次感和设计感!,打破单调,1
打破衣身的单调与沉闷,打破沉闷,0
胸前口袋点缀,打破沉闷,1
增添视觉层次感和设计感!,打破沉闷,1
高腰的版型,高腰版型,0
时髦泛白的铜氨纤维毛边短裤,高腰版型,1
上身超级显腿长。,高腰版型,1
收腰的版型更是将女性的身材曲线勾勒得更加完美,收腰版型,0
性感动人。,收腰版型,1
收腰的版型更是将女性的身材曲线勾勒得更加完美,勾勒身材曲线,0
性感动人。,勾勒身材曲线,1
领口和袖口都做了木耳边的设计,木耳边设计,0
让整条裙子看起来不那么单调,木耳边设计,1
让整条裙子看起来不那么单调,不单调,0
领口和袖口都做了木耳边的设计,不单调,1
打破衣身的单调与沉闷,打破单调,0
胸前个性印花设计,打破单调,1
为衣服注入新鲜活力,打破单调,1
打破衣身的单调与沉闷,打破沉闷,0
胸前个性印花设计,打破沉闷,1
为衣服注入新鲜活力,打破沉闷,1
裙子的下摆还做了开叉处理,下摆开衩,0
行走之间露出一小截腿部肌肤,下摆开衩,1
oversize的版型,oversize版型,0
可以掩盖住身上多余的赘肉,遮住赘肉,0
采用宽松的版型,遮住赘肉,1
而且不会像其他连衣裙一样容易走光哦!,不容易走光,0
露出精致的锁骨,露出精致锁骨,0
这款连衣裙采用V领设计,露出精致锁骨,1
凸显颈部的优美线条。,露出精致锁骨,1
凸显颈部的优美线条。,凸显颈部线条,0
这款连衣裙采用V领设计,凸显颈部线条,1
露出精致的锁骨,凸显颈部线条,1
袖口和裙摆都采用了手工绣的工艺,手工绣工艺,0
领口,手工绣工艺,1
袖口以及下摆都采用了撞色的设计,撞色设计,0
领口,撞色设计,1
在裤脚处做了开叉的处理,裤脚开叉,0
高腰直筒的丹宁牛仔裤,裤脚开叉,1
在面料的选择上就非常用心了,面料用心,0
手感柔滑舒适。,面料用心,1
上身不显得臃肿邋,不显臃肿,0
这款衣服会给人一种慵懒随意的感觉,不显臃肿,1
让你的身材比例更加完美。,身材比例更完美,0
裙摆的不规则设计,裙摆不规则设计,0
走起路来随风摆动,裙摆不规则设计,1
飘逸又灵动。,裙摆不规则设计,1
显得腿部更加纤细。,显得腿部纤细,0
上身之后显得人很瘦哦!,显得瘦,0
不仅勾勒出了女性优美的脖颈和修长的颈部曲线,勾勒颈部线条,0
自带吸睛的光环,自带吸睛光环,0
特星空真丝莱赛尔银丝凉爽T恤,自带吸睛光环,1
采用了V领的设计,V领设计,0
这样的设计可以在视觉上拉长脖子的线条,V领设计,1
这样的设计可以在视觉上拉长脖子的线条,拉长脖子线条,0
采用了V领的设计,拉长脖子线条,1
对腰腹的包容性很好,对腰腹包容性好,0
宽松的A字版型设计,对腰腹包容性好,1
领口和袖口都是采用小v字开口的设计,小v字开口设计,0
还露出女性性感白皙的锁骨和纤细的脖颈线条呢!,露出锁骨,0
还露出女性性感白皙的锁骨和纤细的脖颈线条呢!,露出脖颈线条,0
再加上宽松的版型设计,宽松版型设计,0
可以修饰身形显瘦,宽松版型设计,1
非常百搭。,宽松版型设计,1
裙摆是A字的裙型,A字版型,0
可以遮住肚子上的小肉肉哦!,A字版型,1
裙摆是A字的裙型,遮肉,0
可以遮住肚子上的小肉肉哦!,遮肉,1
这样子既防晒又可遮挡住手臂上的小肉肉,遮挡手臂肉肉,0
真是一举两得呀!,遮挡手臂肉肉,1
细肩带的设计,细肩带设计,0
露出肩部和锁骨的线条,细肩带设计,1
性感又迷人。,细肩带设计,1
再加上A字的裙摆更是显得双腿笔直修长哦!,A字裙摆,0
可以根据自己腰围大小来调节宽松度哟,可调节宽松度,0
裤腿上还绣着一只“当归”字图案,可调节宽松度,1
裤腿上还绣着一只“当归”字图案,绣字图案,0
可以根据自己腰围大小来调节宽松度哟,绣字图案,1
采用斜襟的盘扣设计,斜襟盘扣,0
很有民国风情的一款连衣裙,斜襟盘扣,1
弱化了肩部的线条,弱化肩部线条,0
这款米色的西装外套,弱化肩部线条,1
采用西装领的设计,弱化肩部线条,1
而且它高腰的剪裁设计还能够完美的拉长整体的身材比例,拉长身材比例,0
上身非常显皮肤白。,显白,0
桑蚕丝是自然界中最轻最柔最细的天然纤维,轻柔,0
袖口以及下摆都镶嵌了镶钻的水钻,镶嵌水钻,0
领口,镶嵌水钻,1
大V领的设计,大V领设计,0
可以拉长脖子的线条,大V领设计,1
让整个人看起来更有亲和力,大V领设计,1
可以拉长脖子的线条,拉长脖子线条,0
大V领的设计,拉长脖子线条,1
让整个人看起来更有亲和力,拉长脖子线条,1
那就是袖口和领口都用了荷叶边来做装饰,荷叶边装饰,0
丰富裤身层次感的同时更显吸睛时髦。,丰富层次感,0
侧边的撞色条纹点缀,丰富层次感,1
阔腿裤是微胖MM们的福音,微胖MM福音,0
它不仅能遮住腿部的不完美,微胖MM福音,1
袖口和裙摆都采用了刺绣的工艺,刺绣工艺,0
领口,刺绣工艺,1
裙摆采用不规则荷叶边的设计,裙摆不规则设计,0
这样的设计让整条裤子看起来不那么单调。,不单调,0
不会像真丝那般扎人,不扎人,0
上身就是那种软而不塌的感觉,不扎人,1
可以放一些随身的小东西哦!,随身小东西,0
裤身上还设计了两个对称的斜插口袋,随身小东西,1
而裙摆则采用了A字版的剪裁,A字剪裁,0
这样就不用担心走光的问题啦。,A字剪裁,1
显得腿细又长!,显得腿细长,0
衬托娇小的脸型。,衬托娇小脸型,0
反而多了一些设计感和时尚感。,不单调,0
让整件衣服看起来不那么单调,不单调,1
宽松的裤腿版型,宽松版型,0
能够很好的遮住你腿部上的肉肉,宽松版型,1
能够很好的遮住你腿部上的肉肉,遮肉,0
宽松的裤腿版型,遮肉,1
裙摆是A字大摆设计,A字打败,0
走起路来随风飘动,A字打败,1
飘逸十足!,A字打败,1
这条裤子的亮点就在于它的腰部和裤脚都做了褶皱的设计,褶皱设计,0
简直不要太贴心了,褶皱设计,1
腰部有腰带的设计,腰带设计,0
可以系上一个漂亮的蝴蝶结来增加甜美的感觉,腰带设计,1
可以系上一个漂亮的蝴蝶结来增加甜美的感觉,可以系蝴蝶结,0
腰部有腰带的设计,可以系蝴蝶结,1
则可勾勒出凹凸有致的身材曲线。,勾勒身材曲线,0
而高腰包臀版型的设计,勾勒身材曲线,1
将你的腿部线条衬托得更加的修长一些,衬托腿部线条,0
采用宽松的阔腿设计,宽松阔腿设计,0
这款高腰宽松工装阔腿裤,宽松阔腿设计,1
上身之后会显得人很精神,显得精神,0
很有气场。,显得精神,1
而腰部的收腰处理则可以勾勒出腰身的曲线来,勾勒腰身,0
插肩的设计,插肩设计,0
让肩部和手臂的线条看起来更为纤细。,插肩设计,1
领口是小V领的款式,小V领款式,0
露出精致的锁骨和纤细的锁骨链,小V领款式,1
露出精致的锁骨和纤细的锁骨链,露出精致锁骨,0
领口是小V领的款式,露出精致锁骨,1
凸显出纤细的小蛮腰。,凸显小蛮腰,0
高腰的A字版型设计,凸显小蛮腰,1
巧妙的遮住腰部赘肉,凸显小蛮腰,1
加上了撞色的拼接,撞色拼接,0
打破沉闷的现象,撞色拼接,1
并不会显得单调。,撞色拼接,1
而阔腿的设计则可以遮挡住大腿上的赘肉,遮肉,0
显得脖颈更加修长。,显得脖颈修长,0
看起来就不那么单调了,不单调,0
而且这个设计真的太有仙气啦～裙子的长度也是刚刚好,不单调,1
不会盖住你的臀部和大腿的小肉肉啊,不单调,1
反而多了一些层次感和立体感。,"层次感
立体感",0
让整条裙子看起来不那么单调,不单调,0
有一点小俏皮,不单调,1
显得脸小又瘦!,显脸小,0
经典的衬衫领设计,显脸小,1
修饰着脸型,显脸小,1
不仅遮盖住了身材上的小缺陷,遮住身材缺陷,0
采用了经典的A字阔摆设计,遮住身材缺陷,1
侧边条纹的设计是这款裤子的最大亮点之一,侧边条纹设计,0
下摆做了不规则的剪裁和开叉处理,不规则剪裁,0
行走间隐约露出腿部肌肤,不规则剪裁,1
有真丝般的光泽,真丝光泽,0
手感及悬垂感以及麻织物特有的“天然空调”美誉,真丝光泽,1
方便放些随身小件物品,方便放随身小件,0
胸前和后背都有一个大大的口袋,方便放随身小件,1
露出了纤细的锁骨和优美的天鹅颈,露出纤细锁骨,0
领口是大V领的设计,露出纤细锁骨,1
露出了纤细的锁骨和优美的天鹅颈,露出优美天鹅颈,0
领口是大V领的设计,露出优美天鹅颈,1
背带是可拆卸的设计,可调节,0
可以根据自己的腰围来进行随意的调节,可调节,1
同时镂空的设计也是这款毛衣的一大亮点,镂空设计,0
裤脚也做了卷边的设计,卷边设计,0
让整条裤子看起来不那么单调了!,卷边设计,1
让整条裤子看起来不那么单调了!,不单调,0
裤脚也做了卷边的设计,不单调,1
直筒的版型设计,直筒版型,0
对身材包容性好,直筒版型,1
有遮肉显瘦的效果。,直筒版型,1
再加上刺绣的点缀,刺绣点缀,0
使裙子的档次提高了不少。,刺绣点缀,1
使裙子的档次提高了不少。,提高档次,0
再加上刺绣的点缀,提高档次,1
修饰着颈部与脸部的线条,修饰颈部线条,0
经典的翻领造型,修饰颈部线条,1
显得精神又干练。,修饰颈部线条,1
修饰着颈部与脸部的线条,修饰脸部线条,0
经典的翻领造型,修饰脸部线条,1
显得精神又干练。,修饰脸部线条,1
可以遮住肚子上的小肉肉,遮肉,0
显瘦效果非常好。,遮肉,1
方便插手和置物,方便置物,0
还可以随意凹造型哦!,方便置物,1
衣服的版型比较宽松,版型宽松,0
可以隐藏身材上的小麻烦,版型宽松,1
裙子采用A字的裙型设计,A字裙型,0
很好的遮住了臀部和大腿上的肉肉,A字裙型,1
很好的遮住了臀部和大腿上的肉肉,遮肉,0
裙子采用A字的裙型设计,遮肉,1
裙身的蕾丝设计,蕾丝设计，不单调,0
让整条裙子看起来不那么单调和沉闷,蕾丝设计，不单调,1
裤子侧边的拼条设计,不单调,0
让整条裤子看起来不那么单调,不单调,1
让裙子看起来不那么单调。,不单调,0
不会像普通衬衫那样过于修身或者太宽松而感到紧绷,不会过于修身,0
束缚,不会过于修身,1
不会像普通衬衫那样过于修身或者太宽松而感到紧绷,不会太宽松,0
束缚,不会太宽松,1
拉伸腿部的线条比例。,拉伸比例,0
九分的元素搭配,拉伸比例,1
再加上绣花的点缀,绣花点缀,0
使整款衬衣看起来更为精致,绣花点缀,1
而且皱褶的裙摆设计也是可以让我们穿出一种非常优雅的感觉哟!,褶皱裙摆,0
腰部是松紧加抽绳的设计,松紧抽绳设计,0
可以根据自己腰围的大小来调节哟,松紧抽绳设计,1
腰部是松紧加抽绳的设计,可调节,0
可以根据自己腰围的大小来调节哟,可调节,1
裙子的长度是过膝的A字摆大摆连衣裙上身非常显腿很长哦!,显腿长,0
领口和袖口都做了小花边的设计,小花边设计,0
让整件衣服看起来不那么单调了!,小花边设计,1
让整件衣服看起来不那么单调了!,不单调,0
领口和袖口都做了小花边的设计,不单调,1
两侧的插袋可以放些小东西也可以放一些随身的小东西哦!,放随身小东西,0
让整件上衣看起来不再那么单调了,不单调,0
袖子上还加了一圈蕾丝做装饰,不单调,1
有一点小俏皮!,不单调,0
让整件衣服看起来不那么单调,不单调,1
立体的裁剪加上流畅的线条,立体剪裁,0
把曼妙身姿展现的淋漓尽致,立体剪裁,1
立体的裁剪加上流畅的线条,流畅线条,0
把曼妙身姿展现的淋漓尽致,流畅线条,1
而且立领的设计还可以很好的修饰脖颈线条,立领设计,0
但是又不会显得太过于死板,不会显得死板,0
展露优美的肩颈曲线,展露优美肩颈曲线,0
性感的露肩设计,展露优美肩颈曲线,1
散发女性独有的魅力,展露优美肩颈曲线,1
短款的款式能够拉长整体的身材比例,拉长身材比例,0
让身材的比例更加完美。,拉长身材比例,1
袖口以及下摆都采用了罗纹收紧的设计,罗纹收紧设计,0
领口,罗纹收紧设计,1
防风保暖的同时,罗纹收紧设计,1
衬托出白皙的肤色。,衬托白皙肤色,0
热情似火的红色调渲染着衣身,衬托白皙肤色,1
而灯笼袖和灯笼衣袖设计则将手臂的线条修饰得更加纤细,修饰手臂线条,0
修长,修饰手臂线条,1
修饰不完美腿型的同时遮住腿部小肉肉,遮肉,0
阔腿裤设计,遮肉,1
上衣的袖子和裙摆都做了荷叶边的设计,荷叶边设计,0
立领与盘扣的结合,不单调,0
让整件裙子看起来不那么单调,不单调,1
同时高腰的版型剪裁可以提高腰线,高腰版型剪裁,0
打造大长腿的即视感,高腰版型剪裁,1
显得腿部更纤细,显腿长,0
高腰A字裙身,显腿长,1
视觉上拉长下半身比例,显腿长,1
修长!,显腿长,1
没有突兀的感觉,纯色设计，不突兀,0
这款T恤采用纯色的设计,纯色设计，不突兀,1
结合经典的Polo领和短袖版型的设计,经典Polo领,0
露出精致的锁骨和圆润的香肩,露出精致锁骨,0
性感又迷人。,露出精致锁骨,1
露出精致的锁骨和圆润的香肩,露出圆润香肩,0
性感又迷人。,露出圆润香肩,1
设计师采用了经典的翻领设计融入其中,经典翻领,0
给人很优雅大气的感觉,经典翻领,1
同时又能衬托出精致小巧的脸型,衬托脸型,0
这款裤子采用宽松的阔腿设计,宽松阔腿设计,0
可以遮住大腿上的肉肉,宽松阔腿设计,1
可以遮住大腿上的肉肉,遮肉,0
这款裤子采用宽松的阔腿设计,遮肉,1
腰部做了收腰的处理,收腰处理,0
显得腰身更加纤细,收腰处理,1
显得腰身更加纤细,显腰细,0
腰部做了收腰的处理,显腰细,1
让整件衣服看起来不那么单调无趣。,不单调,0
这样一来就不会让裙子显得太单调了。,不单调,0
可以遮住大腿上的肉肉,遮肉,0
宽松的阔腿设计,遮肉,1
显得双腿更加笔直修长。,遮肉,1
宽松的阔腿设计,显腿长,0
可以遮住大腿上的肉肉,显腿长,1
显得双腿更加笔直修长。,显腿长,1
下身是宽松的阔腿裤,宽松阔腿裤,0
遮掩腿部的赘肉,宽松阔腿裤,1
带来视觉显瘦的效果。,宽松阔腿裤,1
遮掩腿部的赘肉,遮掩腿部赘肉,0
下身是宽松的阔腿裤,遮掩腿部赘肉,1
带来视觉显瘦的效果。,遮掩腿部赘肉,1
V领的设计,V领设计,0
露出香肩和锁骨,V领设计,1
显衬出女性的性感与妩媚。,V领设计,1
露出香肩和锁骨,露出锁骨,0
V领的设计,露出锁骨,1
显衬出女性的性感与妩媚。,露出锁骨,1
这款裤子采用宽松的直筒版型,宽松直筒版型,0
对腿型有很好的修饰作用,宽松直筒版型,1
对腿型有很好的修饰作用,修饰腿型,0
这款裤子采用宽松的直筒版型,修饰腿型,1
裙身采用波点的元素进行点缀,波点元素,0
让整条裙子看起来不那么单调,不单调,0
领口的蝴蝶结边装饰,不单调,1
上身尤显腿部修长,显腿长,0
修身的版型设计,显腿长,1
将双腿修饰得更加纤细笔直,显腿长,1
方便放些小东西哦!,方便放小东西,0
裤身两侧还有对称的斜插口袋,方便放小东西,1
裤子的后侧还加上了撞色的拼接,撞色拼接,0
打破沉闷的感觉,撞色拼接,1
bling的光芒,blingbling,0
在灯光的照耀下闪着bling,blingbling,1
尽显非凡的气质,非凡气质,0
穿在身上总是能够给人以眼前一亮的惊喜,非凡气质,1
使裙子看起来不那么单调。,不单调,0
还很好的打破了整体衣身的单调性和乏味感。,打破单调性,0
还很好的打破了整体衣身的单调性和乏味感。,打破乏味,0
手感柔软顺滑,手感顺滑,0
采用100%桑蚕丝面料,手感顺滑,1
穿着舒适凉爽。,手感顺滑,1
穿着舒适凉爽。,穿着凉爽,0
采用100%桑蚕丝面料,穿着凉爽,1
手感柔软顺滑,穿着凉爽,1
这样一来就把女性独有的魅力展现出来了。,展现女性魅力,0
改良的中式小立领,改良中式0小立领,0
显衬饱满的精神状态,改良中式0小立领,1
显得精神又干练。,改良中式0小立领,1
而且这个颜色也是超级显白的哟,不单调,0
让裙子看起来就不那么单调了,不单调,1
短裤是夏季必备的单品之一,必备单品,0
高腰的A字版型,必备单品,1
能够遮挡住腿部的赘肉,过膝长款设计，遮挡腿部赘肉,0
这款连衣裙采用了过膝的长款设计,过膝长款设计，遮挡腿部赘肉,1
纯色的设计,纯色设计,0
简约又不简单,纯色设计,1
体现百搭的效果。,纯色设计,1
简约又不简单,简约不简单,0
纯色的设计,简约不简单,1
体现百搭的效果。,简约不简单,1
宽松的版型剪裁,宽松版型,0
对身材包容性很好,宽松版型,1
遮肉显瘦的效果也是妥妥的!,宽松版型,1
对身材包容性很好,对身材包容性好,0
宽松的版型剪裁,对身材包容性好,1
遮肉显瘦的效果也是妥妥的!,对身材包容性好,1
裙摆是百褶的设计,不单调,0
让裙子看起来不那么单调,不单调,1
这样一来可以在视觉上拉长你的身材比例,拉长身材比例,0
采用了前短后长的设计,拉长身材比例,1
这款苎麻波点半裙,半裙松紧腰,0
松紧腰加橡筋的设计,半裙松紧腰,1
穿着舒适方便。,半裙松紧腰,1
裙摆处的不规则设计,裙摆不规则设计,0
让整条裙子看起来不那么单调,裙摆不规则设计,1
裙摆处的不规则设计,不单调,0
让整条裙子看起来不那么单调,不单调,1
修饰颈部纤细的线条,修饰颈部线条,0
精致的翻领造型,修饰颈部线条,1
带有前卫时髦的气息。,修饰颈部线条,1
让整条裙看起来不那么单调,不单调,0
下摆还加了褶皱的设计,不单调,1
下摆还加了褶皱的设计,下摆褶皱设计,0
让整条裙看起来不那么单调,下摆褶皱设计,1
为衣服增添了许多趣味和可爱的气息,增添趣味,0
胸前的猫叫印花,增添趣味,1
为衣服增添了许多趣味和可爱的气息,增添可爱,0
胸前的猫叫印花,增添可爱,1
手感非常柔软。,手感柔软,0
面料是100%的纯棉,手感柔软,1
而吊带裙的款式,吊带裙款式,0
更是充满了性感的味道。,吊带裙款式,1
更是充满了性感的味道。,充满性感味道,0
而吊带裙的款式,充满性感味道,1
这样就不会显胖了。,不显胖,0
而直筒的版型设计,直筒版型,0
又起到了遮肉显瘦的效果。,直筒版型,1
反而多了一些俏皮可爱的感觉。,不单调,0
让裤子整体显得不那么单调与沉闷,不单调,1
领口采用V领的剪裁,V领剪裁,0
可以露出女性迷人的锁骨线条,V领剪裁,1
可以露出女性迷人的锁骨线条,露出迷人锁骨,0
领口采用V领的剪裁,露出迷人锁骨,1
打破了纯色的单调与乏味,打破单调,0
这款T恤的胸前做了字母印花的设计,打破单调,1
打破了纯色的单调与乏味,打破乏味,0
这款T恤的胸前做了字母印花的设计,打破乏味,1
凸显颈部优美线条,凸显颈部线条,0
经典圆领设计,凸显颈部线条,1
烘托气质小脸,凸显颈部线条,1
这款T恤采用经典的圆领设计,经典圆领,0
简单大方,经典圆领,1
时尚百搭。,经典圆领,1
让身材显得更加的高挑。,显得身材高挑,0
连帽的设计,连帽设计,0
非常减龄的一款卫衣,连帽设计,1
休闲又减龄。,连帽设计,1
而且裤腿上还设计了两个大大的口袋,裤腿两个大大的口袋,0
连体裤是小个子女生的福音,小个子福音,0
它可以轻松的穿出高挑的感觉,小个子福音,1
这条裤子的版型比较宽松,版型比较宽松，修饰腿型,0
对腿型有修饰作用,版型比较宽松，修饰腿型,1
而胸前的撞色口袋则打破了整体的单调和沉闷,打破单调,0
而胸前的撞色口袋则打破了整体的单调和沉闷,打破沉闷,0
也显得脸型小巧又精致哦!,显得脸型小巧精致,0
裙边的不规则设计,不单调,0
让整条裙子看起来不那么单调,不单调,1
对各种身形都有着很好的包容性,对身材包容性好,0
宽松的直筒版型设计,对身材包容性好,1
袖口以及下摆的罗纹采用撞色的设计,撞色设计,0
领口,撞色设计,1
春秋冬三季都可以穿着的一款牛仔裤,三季都可穿,0
高腰的版型,三季都可穿,1
裙摆的开叉设计,裙摆开叉设计,0
展现了女性的性感与妩媚,裙摆开叉设计,1
也不缺乏甜美与可爱!,不单调,0
让整件背心看起来不那么单调,不单调,1
也不缺乏甜美与可爱!,不乏甜美,0
让整件背心看起来不那么单调,不乏甜美,1
也不缺乏甜美与可爱!,不乏可爱,0
让整件背心看起来不那么单调,不乏可爱,1
这条裤子是高腰的版型,高腰版型,0
在腰部和后片做了松紧的设计,高腰版型,1
还带着点小俏皮的感觉。,不单调,0
这样的设计让整条裙子看起来不那么单调,不单调,1
肩带是可以调节的,肩带可调节,0
很仙的一款吊带裙,肩带可调节,1
九分的长度设计,九分长度,0
露出纤细的脚踝,九分长度,1
视觉上更显高挑。,九分长度,1
露出纤细的脚踝,露出纤细脚踝,0
九分的长度设计,露出纤细脚踝,1
视觉上更显高挑。,露出纤细脚踝,1
显得腿部更加修长。,显腿长,0
拉长身体比例,显腿长,1
为身材带来更好的包裹性,包裹性好,0
尽显简洁利落的格调。,包裹性好,1
对腿型的包容性很好,包容性好,0
这款裤子采用宽松的直筒版型设计,包容性好,1
显得身材更加高挑。,显得身材高挑,0
轻松遮掩住身上的拜拜肉,遮肉,0
对身材没有太大的限制,遮肉,1
直筒的版型设计,直筒版型,0
对身材有着很好的包容性,直筒版型,1
上身遮肉显瘦。,直筒版型,1
不仅打破了纯色的单调与乏味,打破单调,0
色彩缤纷的印花点缀在连衣裙上,打破单调,1
露出精致的锁骨和优美的天鹅颈,露出精致锁骨,0
上衣采用V领设计,露出精致锁骨,1
露出精致的锁骨和优美的天鹅颈,露出优美天鹅颈,0
上衣采用V领设计,露出优美天鹅颈,1
露出了精致的锁骨和优美的天鹅颈,露出精致锁骨,0
领口的V领设计,露出精致锁骨,1
性感又迷人。,露出精致锁骨,1
露出了精致的锁骨和优美的天鹅颈,露出优美天鹅颈,0
领口的V领设计,露出优美天鹅颈,1
性感又迷人。,露出优美天鹅颈,1
采用高腰的A字版型设计,高腰A字版型,0
就像这款由新款推出的中长款大摆裙子,高腰A字版型,1
花瓣边的设计,花瓣边设计,0
让整条裙子看起来不那么单调和沉闷了!,花瓣边设计,1
花瓣边的设计,不单调,0
让整条裙子看起来不那么单调和沉闷了!,不单调,1
花瓣边的设计,不沉闷,0
让整条裙子看起来不那么单调和沉闷了!,不沉闷,1
让整件衣服看起来不那么单调和沉闷,不单调,0
露出优美的脖颈和锁骨,露出脖颈,0
精致的V领设计,露出脖颈,1
性感而又迷人。,露出脖颈,1
露出优美的脖颈和锁骨,露出锁骨,0
精致的V领设计,露出锁骨,1
性感而又迷人。,露出锁骨,1
这款T恤采用经典的圆领设计,经典圆领设计,0
简约大方,经典圆领设计,1
修饰颈部线条。,经典圆领设计,1
这款连衣裙采用经典的圆领设计,经典圆领设计,0
完美修饰颈线和脸型,经典圆领设计,1
完美修饰颈线和脸型,修饰脸型,0
这款连衣裙采用经典的圆领设计,修饰脸型,1
灯笼袖的设计,灯笼袖设计,0
修饰着手臂的线条,灯笼袖设计,1
显得纤细又修长。,灯笼袖设计,1
修饰着手臂的线条,修饰手臂线条,0
灯笼袖的设计,修饰手臂线条,1
显得纤细又修长。,修饰手臂线条,1
很好的增强了视觉感,增强视觉感,0
加上衣身的小碎花设计,增强视觉感,1
领口的V字设计,领口V字设计,0
露出了纤细的锁骨和白皙的皮肤。,领口V字设计,1
露出了纤细的锁骨和白皙的皮肤。,露出纤细锁骨,0
领口的V字设计,露出纤细锁骨,1
露出了纤细的锁骨和白皙的皮肤。,露出白皙皮肤,0
领口的V字设计,露出白皙皮肤,1
袖口以及下摆都做了罗纹的收口处理,罗纹收口处理,0
领口,罗纹收口处理,1
防止冷风灌入,罗纹收口处理,1
这条裤子选用硬挺的面料,硬挺面料,0
上身非常有型。,硬挺面料,1
显得腿又细又长哦!,显腿长,0
加上蝴蝶结腰带的装饰和袖口的荷叶边元素的点缀都让整条裙子看起来不那么单调了!,不单调,0
凸显颈部修长线条,凸显颈部线条,0
经典立领设计,凸显颈部线条,1
更显精神干练。,凸显颈部线条,1
将女性的脖颈和腰腹线条修饰得更加纤细,修饰脖颈线条,0
将女性的脖颈和腰腹线条修饰得更加纤细,修饰腰腹线条,0
可以轻松的穿出高挑的感觉。,穿出高挑感,0
宽松的袖型设计,宽松袖型,0
可以遮挡住手臂上的肉肉,宽松袖型,1
显得人更加娇小可爱。,宽松袖型,1
可以遮挡住手臂上的肉肉,遮肉,0
宽松的袖型设计,遮肉,1
显得人更加娇小可爱。,遮肉,1
这样的设计让整件上衣显得不那么单调。,不单调,0
遮住了手臂上的拜拜肉,遮肉,0
泡泡袖的设计,遮肉,1
让手臂看起来纤细又修长。,遮肉,1
勾勒出玲珑的曲线。,勾勒玲珑曲线,0
腰间采用收腰的轮廓结合,勾勒玲珑曲线,1
打造黄金身材比例。,黄金比例,0
高腰收腰的版型,黄金比例,1
让下半身比例更加纤长,黄金比例,1
而且这种设计还可以很好的修饰我们的腿型哦,修饰腿型,0
如果想要更瘦一点的妹子可以考虑在里面搭配一双高跟鞋或者小凉鞋就可以了,修饰腿型,1
袖口与裙摆拼接了网纱蕾丝花边,不单调,0
镂空刺绣等细节的设计让整条裙子看起来不那么单调!,不单调,1
白色则为纯洁无暇的白色。,纯洁无瑕,0
黑色款则显得神秘而高贵,纯洁无瑕,1
具有较高的强度与弹性恢复能力,具有高强度,0
具有较高的强度与弹性恢复能力,具有弹性恢复能力,0
裙摆是大A字的裙摆,大A字裙摆,0
走起路来飘逸又浪漫,大A字裙摆,1
裙摆是A字裙的款式,A字款式,0
露出性感的香肩和锁骨,露出香肩,0
尽显妩媚风情。,露出香肩,1
露出性感的香肩和锁骨,露出锁骨,0
尽显妩媚风情。,露出锁骨,1
领子是一字肩的设计,一字肩设计,0
小露香肩,一字肩设计,1
衬托精致的脸庞。,一字肩设计,1
衬托精致的脸庞。,衬托精致脸庞,0
领子是一字肩的设计,衬托精致脸庞,1
小露香肩,衬托精致脸庞,1
不管什么身材的妹子都可以轻松的驾驭哦!,不管什么身材都可以驾驭,0
上身轻松达到遮肉显瘦的效果,不管什么身材都可以驾驭,1
经典的西装领和两粒扣的设计,经典西装领,0
手感如羊绒般柔软。,手感柔软,0
让整条裙子看起来不那么单调。,不单调,0
裙身的镂空钩花设计,不单调,1
对身材没有限制,对身材没限制,0
宽松的H版型,对身材没限制,1
轻松包容各种身形。,对身材没限制,1
袖子是喇叭袖的设计,喇叭袖设计,0
举手投足间都散发着迷人的气息!,喇叭袖设计,1
这款连衣裙采用修身的版型设计,修身版型,0
勾勒出婀娜的身材曲线。,修身版型,1
勾勒出婀娜的身材曲线。,勾勒婀娜身材曲线,0
这款连衣裙采用修身的版型设计,勾勒婀娜身材曲线,1
它不仅能遮住大腿上的肉肉,遮肉,0
阔腿裤是今年的流行裤型之一,遮肉,1
采用了弹力麻的面料。,弹力麻面料,0
设计师在设计这款裤子的时候,弹力麻面料,1
不仅打破了整体的单调感,不单调,0
这款运动裤采用宽松的裤型设计,宽松裤型,0
不仅穿着舒适,宽松裤型,1
腰间做了收腰的处理,收腰处理,0
轻松打造出小蛮腰的既视感,收腰处理,1
修饰不完美的腿型,修饰腿型,0
更显双腿修长笔直。,修饰腿型,1
打破了纯色的单调感,打破单调感,0
胸前的字母印花是一大亮点,打破单调感,1
清新别致,清醒,0
收腰显瘦,清醒,1
胸前重工刺绣图案,清醒,1
高腰A字版型,清醒,1
可以遮挡住手臂上的小肉肉哦,遮肉,0
下摆的荷叶边也是一大亮点,遮肉,1
可以装一些小东西也可以放一些随身的小东西哦!,可以装小东西,0
露出你纤细的锁骨与白皙的皮肤来衬托你的性感气质。,露出纤细锁骨,0
露出你纤细的锁骨与白皙的皮肤来衬托你的性感气质。,露出白皙皮肤,0
时尚吸晴,吸睛,0
胸前亮片设计,吸睛,1
后背隐形拉链门襟,吸睛,1
让整条打底裤看起来不再那么单调和乏味了!,不单调,0
高腰的包臀设计,藏肉肉,0
将臀部和大腿上的肉肉都藏在了裙子里,藏肉肉,1
腰部有收腰的处理,收腰处理,0
将腰线提高到最细的位置,收腰处理,1
既不似普通T恤那般单调无趣,不单调,0
既不似普通T恤那般单调无趣,不无趣,0
让袖子看起来不那么单调,不单调,0
袖口和衣摆都做了收口处理,不单调,1
A字的裙摆加上大开叉的剪裁,A字裙摆,0
A字的裙摆加上大开叉的剪裁,"大开叉剪裁,",0
收腰的处理轻松凸显小蛮腰。,收腰处理,0
而且它裙身的旗袍款式剪裁设计还能够完美的展现出你凹凸有致的身材曲线,旗袍剪裁,0
而且它裙身的旗袍款式剪裁设计还能够完美的展现出你凹凸有致的身材曲线,展现身材曲线,0
这款连衣裙采用米白色的色调设计,米白色色调,0
分外的清新淡雅。,米白色色调,1
连衣裙的腰部采用了抽褶的设计,抽褶设计,0
可以凸显出纤细的腰肢线条。,抽褶设计,1
可以凸显出纤细的腰肢线条。,凸显纤细腰肢线条,0
连衣裙的腰部采用了抽褶的设计,凸显纤细腰肢线条,1
吊带的设计,吊带设计,0
这条裙子是中世纪的欧洲宫廷风格,吊带设计,1
领口与袖口都用手工钉珠进行点缀,手工订珠点缀,0
使整件衣服瞬间变得华丽起来,手工订珠点缀,1
很好的遮住腿上的肉肉,遮肉,0
阔腿裤型,遮肉,1
上身尽显慵懒气息,遮肉,1
能够遮住腿部的赘肉,遮肉,0
裙子的版型比较宽松,遮肉,1
显得腿很细。,遮肉,1
显得腿很细。,显腿细,0
裙子的版型比较宽松,显腿细,1
能够遮住腿部的赘肉,显腿细,1
无论什么时候都不会过时,不过时,0
条纹是时尚界经久不衰的元素之一,不过时,1
露肩的设计,露肩设计,0
露出肩部和锁骨,露肩设计,1
性感迷人。,露肩设计,1
遮住了手臂上的拜拜肉。,遮肉,0
袖子的设计是有点小灯笼袖的感觉,遮肉,1
选择的是纯棉的面料,纯棉面料,0
就是很是垂顺舒适,纯棉面料,1
腰部做了收腰的处理,收腰处理,0
这样就不用担心身材会变胖了,收腰处理,1
高腰收腰的版型和A字大裙摆的设计都为这条裙子增添了优雅淑女的气质,高腰收腰版型,0
显得身材高挑又迷人哦!,显身材高挑,0
让整条裙子看起来不那么单调,不单调,0
领口和袖口的蕾丝设计,不单调,1
这款连衣裙采用钩花蕾丝设计,勾花蕾丝设计,0
上身优雅有气质。,勾花蕾丝设计,1
后背隐形拉链的设计,隐形拉链设计,0
方便穿脱又不影响整体美观。,隐形拉链设计,1
这条裤子采用纯色的设计,纯色设计,0
没有其他多余的装饰,纯色设计,1
可以遮住腿上的肉肉,遮肉,0
裙子的长度刚刚好到大腿中部,遮肉,1
袖口,罗纹处理,0
领口以及下摆均以罗纹收紧处理,罗纹处理,1
腰部有收腰的处理,收腰处理,0
显得身材更加纤细高挑。,收腰处理,1
显得身材更加纤细高挑。,显身材纤细,0
腰部有收腰的处理,显身材纤细,1
显得身材更加纤细高挑。,显身材高挑,0
腰部有收腰的处理,显身材高挑,1
这样就可以让我们的穿脱变得更加的方便一些啦!,穿脱方便,0
裙摆是不规则的设计,不规则设计,0
走动间随风飘扬,不规则设计,1
灵动而飘逸,不规则设计,1
轻松勾勒出你的小蛮腰哦!,勾勒小蛮腰,0
腰部的收腰设计,勾勒小蛮腰,1
可以遮住大腿上多余的小肉肉哟,遮肉,0
裙摆是A字的裙型设计,遮肉,1
打破了纯色裤身的单调与沉闷,打破单调,0
裤子侧边的字母和数字印花,打破单调,1
打破了纯色裤身的单调与沉闷,打破沉闷,0
裤子侧边的字母和数字印花,打破沉闷,1
反而多了一些灵动与甜美。,不单调,0
让整件衣服看起来不那么单调,不单调,1
让整条裙子看起来不那么单调,不单调,0
领口和袖口的蕾丝花边设计,不单调,1
这款连衣裙采用露肩的设计,露肩设计,0
将女性的性感与妩媚展现的淋漓精致,露肩设计,1
而圆领的款式则可以修饰颈部线条,修饰颈线,0
衬托出小巧的脸型。,修饰颈线,1
衬托出小巧的脸型。,衬托脸型,0
而圆领的款式则可以修饰颈部线条,衬托脸型,1
裙子的长度刚好遮住了大腿上的肉肉,遮肉,0
显得腿细又长!,遮肉,1
给衣服增添了亮点。,增添亮点,0
领口的蝴蝶结系带设计,增添亮点,1
结合A字型的版型,抹胸设计,0
这款连衣裙采用了抹胸和细吊带的设计,抹胸设计,1
这款连衣裙采用了抹胸和细吊带的设计,细吊带设计,0
结合A字型的版型,细吊带设计,1
结合A字型的版型,A字版型,0
这款连衣裙采用了抹胸和细吊带的设计,A字版型,1
丰富单品细节层次彰显街头潮女不羁叛逆个性风采,丰富细节层次,0
肚子上的赘肉,修饰腰部赘肉,0
腰间的系带设计可以系成一个蝴蝶结来修饰腰部,修饰腰部赘肉,1
肚子上的赘肉,修饰肚子赘肉,0
腰间的系带设计可以系成一个蝴蝶结来修饰腰部,修饰肚子赘肉,1
再加上字母印花的点缀,字母印花点缀,0
打破了纯色的单调性,字母印花点缀,1
打破了纯色的单调性,打破单调性,0
再加上字母印花的点缀,打破单调性,1
采用了V领的领口设计,V型领口,0
采用了V领的设计,V领设计,0
这款小衫的设计亮点之一是在其领口的设计上,V领设计,1
这款上衣是无袖的设计,无袖设计,0
以此来修饰手臂的线条,无袖设计,1
以此来修饰手臂的线条,修饰手臂线条,0
这款上衣是无袖的设计,修饰手臂线条,1
袖口做了收口的设计,收口设计,0
能够帮你省去不少麻烦,收口设计,1
能够帮你省去不少麻烦,省去麻烦,0
袖口做了收口的设计,省去麻烦,1
打破了纯色的单调与乏味。,打破单调,0
衣身单侧拼接了撞色的条纹,打破单调,1
打破了纯色的单调与乏味。,打破乏味,0
衣身单侧拼接了撞色的条纹,打破乏味,1
细肩带的设计,细肩带设计,0
露出优美的肩部和锁骨,细肩带设计,1
尽显性感的女人味。,细肩带设计,1
露出优美的肩部和锁骨,露出肩部,0
细肩带的设计,露出肩部,1
尽显性感的女人味。,露出肩部,1
露出优美的肩部和锁骨,露出锁骨,0
细肩带的设计,露出锁骨,1
尽显性感的女人味。,露出锁骨,1
尽显性感的女人味。,性感女人味,0
细肩带的设计,性感女人味,1
露出优美的肩部和锁骨,性感女人味,1
而且这种若隐若现的效果还蛮有小心机呢?,若影若现,0
若隐若现的感觉简直不要太美啊,若影若现,1
精致的裁剪与做工,精致剪裁,0
让这件裙子的上身效果更加优美,精致剪裁,1
大方和优雅。,精致剪裁,1
一方面打破了纯色的单调与沉闷,打破单调,0
裙身的点缀造型是一大亮点,打破单调,1
一方面打破了纯色的单调与沉闷,打破沉闷,0
裙身的点缀造型是一大亮点,打破沉闷,1
不会让腰身被勒得太紧或者过于松垮而影响整体的利落效果。,不紧,0
不会让腰身被勒得太紧或者过于松垮而影响整体的利落效果。,不过于松垮,0
裙摆的设计也是一大亮点,裙摆设计,0
裙子的长度刚好盖住臀部和大腿上的肉肉,盖住臀部肉肉,0
裙子的长度刚好盖住臀部和大腿上的肉肉,盖住大腿肉肉,0
领口的花苞设计,不单调,0
让整件裙子看起来不那么单调,不单调,1
有气场。,拉长比例,0
拉长下半身比例的同时显得人更加高挑,拉长比例,1
在面料的选择上十分讲究。,面料讲究,0
less的这条裤子,面料讲究,1
反而多了一些层次感和设计感。,不单调,0
让整条裤子看起来不那么单调,不单调,1
提高腰线的同时拉长下半身的视觉比例,拉长比例,0
显得身材更加高挑迷人!,拉长比例,1
也是街边凹造型的好帮手!,凹造型好帮手,0
收腰的版型加上A字的裙摆,A字裙摆,0
将女性曼妙的身材完美的展示出来。,A字裙摆,1
裙身精美的刺绣与裙摆的刺绣相呼应,精美刺绣,0
整体和谐统一又不显得突兀,精美刺绣,1
显得人很瘦哦!,显瘦,0
且不影响衣服的整体美观,不影响美观,0
拉链的门禁设计,不影响美观,1
穿脱方便,不影响美观,1
裙摆采用A字的裁剪设计,A字裙摆,0
修饰男生颈部曲线。,修饰颈部曲线,0
这款T恤采用经典圆领设计,修饰颈部曲线,1
简约大方,修饰颈部曲线,1
也可以放一些随身的小东西哦!,放随身小东西,0
沉闷,不单调,0
让整件衣服看起来不那么单调,不单调,1
沉闷,不沉闷,0
让整件衣服看起来不那么单调,不沉闷,1
下摆的开叉设计也是一大亮点,下摆开叉,0
在行走中露出一截纤细的小腿,下摆开叉,1
这条连衣裙采用无袖的设计,无袖设计,0
露出纤细的手臂,无袖设计,1
显得手臂更加纤细。,无袖设计,1
露出纤细的手臂,显得手臂纤细,0
这条连衣裙采用无袖的设计,显得手臂纤细,1
显得手臂更加纤细。,显得手臂纤细,1
可以遮住腿上的赘肉和不完美的腿型,遮住腿上赘肉,0
可以遮住腿上的赘肉和不完美的腿型,遮住不完美腿型,0
为身材带来更好的包裹性,包裹性更好,0
宽松的轮廓结合,包裹性更好,1
遮挡腹部的赘肉,包裹性更好,1
遮挡腹部的赘肉,遮挡腹部赘肉,0
宽松的轮廓结合,遮挡腹部赘肉,1
为身材带来更好的包裹性,遮挡腹部赘肉,1
轻松遮掩身材小缺陷,遮掩身材缺陷,0
宽松的A字大摆设计,遮掩身材缺陷,1
凸显锁骨和颈部的优美线条。,凸显优美线条,0
V领修身格纹雪纺连衣裙,凸显优美线条,1
V领设计,凸显优美线条,1
袖口和领口都做了蕾丝的花边设计,蕾丝花边设计,0
让整件衣服看起来不那么单调,蕾丝花边设计,1
让整件衣服看起来不那么单调,不单调,0
袖口和领口都做了蕾丝的花边设计,不单调,1
大大的连帽设计结合上抽绳元素和飘带装饰,抽身元素,0
格子元素一直是时尚界的宠儿,时尚界宠儿,0
无论什么时候都不会过时。,时尚界宠儿,1
无论什么时候都不会过时。,不过时,0
格子元素一直是时尚界的宠儿,不过时,1
宽松的版型,宽松版型,0
穿着比较舒适,宽松版型,1
并不会限制身材,宽松版型,1
穿着比较舒适,穿着舒适,0
宽松的版型,穿着舒适,1
并不会限制身材,穿着舒适,1
并不会限制身材,不限制身材,0
宽松的版型,不限制身材,1
穿着比较舒适,不限制身材,1
外套的表面还加上了刺绣的元素,刺绣元素,0
散发出一份浓郁的古典风情。,刺绣元素,1
可以用来放一些小东西或者随身的小件物品,放小东西,0
裤子两侧有口袋和裤脚边都做了毛边的设计,裤脚毛边设计,0
采用精致的刺绣工艺,精致刺绣工艺,0
在衣服上绣了一只小心脏,精致刺绣工艺,1
这款连体裤采用雪纺的面料设计而成,雪纺面料,0
可以遮住肚子上的小肉肉哦,遮肉,0
腰间还加了一条腰带来系个蝴蝶结就更美啦,遮肉,1
上身之后可以修饰身体的线条,修饰身体线条,0
这款连衣裙采用了H式的版型设计,修饰身体线条,1
裙子的表面还加上了蕾丝的元素,表面蕾丝元素,0
下摆的不规则设计,下摆不规则设计,0
走动时随风摆动,下摆不规则设计,1
尽显飘逸与灵动的感觉。,下摆不规则设计,1
显得手腕更加纤细,显得手腕纤细,0
修长。,显得手腕纤细,1
显得手腕更加纤细,显得手腕修长,0
修长。,显得手腕修长,1
灯笼袖的设计,灯笼袖设计,0
显得手臂更加纤细。,灯笼袖设计,1
显得手臂更加纤细。,显得手臂纤细,0
灯笼袖的设计,显得手臂纤细,1
可以遮住臀部和大腿上的肉肉,遮住臀部肉肉,0
下半身则是A字的裙摆,遮住臀部肉肉,1
可以遮住臀部和大腿上的肉肉,遮住大腿肉肉,0
下半身则是A字的裙摆,遮住大腿肉肉,1
领口以及下摆都做了螺纹收边设计哦!,罗纹收边设计,0
袖口,罗纹收边设计,1
而且这种款式还蛮好搭配的,百搭,0
单穿或者作为内搭都是可以的呢?,百搭,1
可以放一些小东西也可以放一些随身的小东西,放小东西,0
很实用哦!,放小东西,1
有一点小俏皮。,不单调,0
让整件衣服看起来不那么单调,不单调,1
穿着不紧绷的同时可以遮挡住不完美的腿型,遮挡不完美腿型,0
显得脖子很修长。,脖子修长,0
领口是V领的设计,脖子修长,1
露出了性感的锁骨,脖子修长,1
宽松版型的T恤是微胖MM们的福音,微胖mm们的福音,0
走路都带风哦!,走路带风,0
所以穿上去不会很束缚腿上的小肉肉,不束缚,0
阔腿裤的裤腿比较宽松,不束缚,1
这款西装在袖子上做了法式的泡泡袖设计,法式泡泡袖设计,0
腰间的系带可以系成一个甜美的蝴蝶结,系带蝴蝶结,0
能够在视觉上拉长你的身材比例,拉长身材比例,0
高腰A字版型的设计,拉长身材比例,1
能够修饰腿部的线条,修饰腿部线条,0
这款裤子采用微喇的裤型设计,修饰腿部线条,1
修饰不完美腿型。,修饰腿型,0
A字裙摆设计,修饰腿型,1
遮肉显瘦,修饰腿型,1
显得性感而迷人,遮肉,0
中长款的长度刚好遮住了大腿上的肉肉,遮肉,1
凸显迷人的锁骨。,凸显锁骨,0
很好的修饰颈部线条,凸显锁骨,1
宽松的衣身设计,宽松设计,0
能够遮住身上的赘肉和不完美的地方,宽松设计,1
能够遮住身上的赘肉和不完美的地方,遮赘肉,0
宽松的衣身设计,遮赘肉,1
方便置放一些随身的小件物品,放随身小物品,0
裤身两侧的斜插口袋设计,放随身小物品,1
袖口以及下摆都做了珠饰的点缀,珠饰点缀,0
在领口,珠饰点缀,1
不规则的下摆与袖口相呼应,不规则下摆,0
在行走中摇曳着一股灵动的气息,不规则下摆,1
裙摆是不规则的设计,裙摆不规则设计,0
在行走的时候会随风飘动,裙摆不规则设计,1
袖口也用了小花边做装饰,小花边装饰,0
让整条裤子看起来不那么单调。,小花边装饰,1
让整条裤子看起来不那么单调。,不单调,0
袖口也用了小花边做装饰,不单调,1
腰部松紧加抽绳双重调节,抽绳调节,0
让穿着更方便舒适。,抽绳调节,1
无论是单穿还是作为内搭都是很不错的选择。,单穿内搭都不错,0
杏色的豹纹T恤,单穿内搭都不错,1
宽松的版型,宽松版型,0
可以很好地隐藏身体上的赘肉,宽松版型,1
上身更显高挑身材,宽松版型,1
可以很好地隐藏身体上的赘肉,隐藏赘肉,0
宽松的版型,隐藏赘肉,1
上身更显高挑身材,隐藏赘肉,1
宽松的裤腿可以遮住大腿上多余的小肉肉哦,遮肉,0
搭配一件简单的T恤或者衬衫就很有知性美了,遮肉,1
腰部做了松紧的设计,腰部松紧设计,0
可以系上一个漂亮的蝴蝶结,腰部松紧设计,1
可以遮掉你身上的小肉肉和小粗腿哦!,遮肉,0
这款连衣裙选择了水溶蕾丝的面料,水溶蕾丝面料,0
看上去非常的精致,水溶蕾丝面料,1
这款T恤采用无袖的版型裁剪,无修版型,0
令双臂活动更加灵活自如,无修版型,1
这款衬衫采用真丝的面料,真丝面料,0
手感柔软顺滑,真丝面料,1
上身亲肤舒适。,真丝面料,1
手感柔软顺滑,手感顺滑,0
这款衬衫采用真丝的面料,手感顺滑,1
上身亲肤舒适。,手感顺滑,1
还很好的打破了整体的单调性和沉闷感。,打破单调性,0
还很好的打破了整体的单调性和沉闷感。,打破沉闷感,0
当然你也可以把它当成小裙子穿啦,可以当裙子穿,0
绝对不会出错哟,可以当裙子穿,1
这款就是一件无袖的上衣,无袖上衣,0
选择的是纯色的设计,无袖上衣,1
选择的是纯色的设计,纯色设计,0
这款就是一件无袖的上衣,纯色设计,1
本款开衫整体采用较为宽松的版型设计,宽松版型设计,0
藏肉显瘦,宽松版型设计,1
不挑身材,宽松版型设计,1
这款外套采用双排扣的设计,不单调,0
让整件衣服看起来不那么单调,不单调,1
而高腰的版型更是将腰线拉高了好几倍呢,高腰版型,0
无论是搭配T恤还是衬衫都能让你秒变长腿女神来到大街小巷里去不打算吗?,高腰版型,1
这样一来就不用担心走光的问题啦!,防走光,0
上身穿着遮肉显瘦又不显得臃肿与束缚。,不束缚,0
让身材更加窈窕动人,身材窈窕,0
腰部做了收腰的处理,身材窈窕,1
显得腰肢纤细又修长,身材窈窕,1
所以上身会显得腿很长哦,显腿长,0
而且这个长度刚好到大腿中部,显腿长,1
同时这种设计还可以很好的修饰女生的腿部线条,修饰腿部线条,0
穿在身上丝毫不觉得束缚和紧绷,不束缚,0
而整体的版型则较为宽松,不束缚,1
穿在身上丝毫不觉得束缚和紧绷,不紧绷,0
而整体的版型则较为宽松,不紧绷,1
精致的领口,精致细节,0
袖口以及裙摆等细节都处理得非常到位,精致细节,1
起皱等尴尬现象哦!,不变形,0
即使经过多次洗涤也不会产生变形,不变形,1
起皱等尴尬现象哦!,不起皱,0
即使经过多次洗涤也不会产生变形,不起皱,1
袖口以及下摆都做了螺纹的设计,螺纹设计,0
领口,螺纹设计,1
袖口和裙摆都用了小花边进行装饰,小花边装饰,0
遮住腿上的肉肉,遮肉,0
让双腿看起来笔直又修长,遮肉,1
穿上它你就是人群中的焦点呢?,人群焦点,0
能够拉长下半身的比例,拉长下半身比例,0
裙子是高腰的款式,拉长下半身比例,1
这款连衣裙采用细肩带的设计,细肩带设计,0
露出肩部和锁骨,细肩带设计,1
性感迷人。,细肩带设计,1
腰部做了收腰的处理,收腰处理,0
有余量的可以遮住肚子上的小肉肉!,收腰处理,1
有余量的可以遮住肚子上的小肉肉!,遮肉,0
腰部做了收腰的处理,遮肉,1
短袖的设计可以遮挡住手臂上的拜拜肉,遮挡住拜拜肉,0
让手臂看起来纤细又修长,遮挡住拜拜肉,1
凸显锁骨和颈部的优美线条,凸显颈部线条,0
展现女性优雅妩媚的气质。,凸显颈部线条,1
视觉上拉长下半身比例,拉长比例,0
显高又显腿长。,拉长比例,1
裙身点缀上精致的花朵和蝴蝶图案,精致图案,0
行走间尽显灵动飘逸感,精致图案,1
腰部做了收腰的处理,收腰处理,0
轻松勾勒出纤细小蛮腰。,收腰处理,1
而且它披肩的宽松直筒版型设计还能够完美的包容住各种身材的MM,包容各种身材,0
不会像普通牛仔那样容易缩水和变形,不易缩水,0
不会像普通牛仔那样容易缩水和变形,不易变形,0
方便日常生活的打理。,方便日常生活打理,0
反复的水洗,方便日常生活打理,1
不容易会出现褪色的现象,方便日常生活打理,1
裤脚做了收口的处理,不拖沓,0
这样穿起来就不会那么拖沓了,不拖沓,1
这款连衣裙采用压褶的设计,压褶设计,0
走起路来随风飘逸,压褶设计,1
十分灵动。,压褶设计,1
而且这个长度还蛮适合小个子MM们穿呢,适合小个子mm们,0
别看它只是一件简单的T恤和一条半身裙来搭配就行了,适合小个子mm们,1
新款的半裙啦,适合小个子mm们,1
结合插肩袖的设计,插肩袖设计,0
外套采用了宽松的连帽版型,插肩袖设计,1
高腰的腰型设计,高腰腰型,0
能够完美的拉长自己的身材比例,高腰腰型,1
能够完美的拉长自己的身材比例,拉长身材比例,0
高腰的腰型设计,拉长身材比例,1
穿脱方便又可随自身需求调节脚口大小,产脱方便,0
摆脱掉裤子的束缚与束缚,产脱方便,1
穿脱方便又可随自身需求调节脚口大小,脚口大小可调节,0
摆脱掉裤子的束缚与束缚,脚口大小可调节,1
摆脱掉裤子的束缚与束缚,摆脱束缚,0
穿脱方便又可随自身需求调节脚口大小,摆脱束缚,1
在领口的位置做了扭结的设计,领口扭结设计,0
V字领的针织衫,领口扭结设计,1
丰富了整体的造型和层次,丰富整体造型,0
蕾丝钩花的点缀,丰富整体造型,1
丰富了整体的造型和层次,丰富整体层次,0
蕾丝钩花的点缀,丰富整体层次,1
勾勒出修长的身段。,勾勒修长身段,0
袖口和下摆的收紧处理,勾勒修长身段,1
贴合了身形,勾勒修长身段,1
腰部做了系带的收腰处理,系带收腰处理,0
系上一个蝴蝶结就显得腰细腿长,系带收腰处理,1
两个口袋可以放些小东西,可以放东西,0
可以遮住腿上的赘肉,遮肉,0
宽松的阔腿设计,遮肉,1
起到显瘦的作用!,遮肉,1
丰富了整体的造型美感和层次感,丰富造型美感和层次感,0
显得别致而吸睛哦!,丰富造型美感和层次感,1
而且穿脱的时候也非常方便呢,穿脱方便,0
两侧还有两个对称的斜插口袋设计,穿脱方便,1
并不担心会出现走光的现象,防走光,0
很适合于各种不同的场合穿着!,防走光,1
很适合于各种不同的场合穿着!,适合不同场合穿着,0
并不担心会出现走光的现象,适合不同场合穿着,1
也可以扣上扣子当小外套穿哦!,可以当小外套,0
让整件背心都显得不那么单调了,不单调,0
胸前有精致的睫毛蕾丝装饰,不单调,1
而且裤脚还加了一点开叉的处理,裤脚开叉处理,0
上身很有型,遮肉,0
可以遮住腿上的小肉肉哟,遮肉,1
面料垂感好,遮肉,1
上身很有型,上身有型,0
可以遮住腿上的小肉肉哟,上身有型,1
面料垂感好,上身有型,1
而且还能够凸显出你纤细的小蛮腰哦。,凸显小蛮腰,0
要说它的面料和剪裁都是很讲究的,面料讲究,0
而且这个长度也很适合腿粗的妹子来穿哦,面料讲究,1
这种裤型真的太好看啦,面料讲究,1
要说它的面料和剪裁都是很讲究的,剪裁讲究,0
而且这个长度也很适合腿粗的妹子来穿哦,剪裁讲究,1
这种裤型真的太好看啦,剪裁讲究,1
打破黑色带来的沉闷与单调,打破沉闷,0
裙身融入撞色波点点缀,打破沉闷,1
它不仅能遮住腿部的不完美,遮住腿部不完美,0
还能让双腿显得笔直修长。,遮住腿部不完美,1
还能让双腿显得笔直修长。,显得双腿笔直修长,0
它不仅能遮住腿部的不完美,显得双腿笔直修长,1
高腰的A字版型设计,高腰A字版型,0
视觉上拉长下半身比例,高腰A字版型,1
V领和袖口都做了荷叶边的设计,荷叶边设计,0
让整条裙子看起来不那么单调了!,荷叶边设计,1
让整条裙子看起来不那么单调了!,不单调,0
V领和袖口都做了荷叶边的设计,不单调,1
高腰线的设计,高腰线设计,0
视觉上拉长下半身的比例。,高腰线设计,1
领口和袖口都做了荷叶边的设计,荷叶边设计,0
让整件衣服显得不那么单调,荷叶边设计,1
让整件衣服显得不那么单调,不单调,0
领口和袖口都做了荷叶边的设计,不单调,1
一改传统卫衣的呆板与沉闷,打破呆板,0
这款运动风连衣裙,打破呆板,1
一改传统卫衣的呆板与沉闷,打破沉闷,0
这款运动风连衣裙,打破沉闷,1
露出精致的锁骨和修长的颈部线条。,露出锁骨,0
露出精致的锁骨和修长的颈部线条。,露出颈部线条,0
泡泡袖的设计让手臂看起来纤细又长,泡泡袖设计,0
泡泡袖的设计让手臂看起来纤细又长,手臂看起来纤长,0
上身有遮手臂肉肉的效果,遮肉,0
版型是有点小宽松的那种,遮肉,1
上身非常显腿直,先腿直,0
搭配衬衫或者T恤都很好看。,先腿直,1
宽松阔腿的版型也可以带来遮肉显瘦的效果,宽松阔腿版型,0
使得整件衣服看起来不那么单调,不单调,0
而袖子部分则使用了网纱的拼接,不单调,1
让裤子看起来不那么单调。,不单调,0
拉长身材的比例,拉长身材比例,0
高腰的设计,拉长身材比例,1
能够提高腰线,拉长身材比例,1
连衣裙是女性衣橱中必备的单品之一,必备单品,0
它既有着裙装的甜美,必备单品,1
而A字的裙摆则将双腿修饰得更加纤细笔直,A字裙摆,0
腰部做了收腰的处理,收腰处理,0
显得人身材高挑又苗条,收腰处理,1
这款T恤精选优质的面料进行打造,优质面料,0
手感顺滑,优质面料,1
富有肌理,优质面料,1
而在衣面上则是有着个性的人脸印花进行装饰,个性印花,0
不会显得臃肿。,不显臃肿,0
小短款的设计,不显臃肿,1
上身有余量,不显臃肿,1
可以装一些小东西或者随身携带的小东西,可以装小东西,0
修身的版型设计,修身版型,0
勾勒出玲珑有致的身材曲线。,修身版型,1
勾勒出玲珑有致的身材曲线。,勾勒身材曲线,0
修身的版型设计,勾勒身材曲线,1
不管你是单穿还是作为内搭都是可以的。,单穿或内搭都可以,0
改良的旗袍款式,改良旗袍,0
在裙面上加入了褶皱的设计,改良旗袍,1
在裙面上加入了褶皱的设计,褶皱设计,0
改良的旗袍款式,褶皱设计,1
变形的情况哦!,不易变形,0
不仅不易脱线而且穿着也不易出现脱线,不易变形,1
再到面料的选择上也是相当讲究的,面料选择讲究,0
宽松的H型廓形不挑身材且能遮住肚子上的肉肉哦,遮肉,0
露出优美的锁骨和美背,露出锁骨,0
性感的V领设计,露出锁骨,1
尽显性感的女人味,露出锁骨,1
露出优美的锁骨和美背,露出美背,0
性感的V领设计,露出美背,1
尽显性感的女人味,露出美背,1
沉闷!,不单调,0
裙摆的不规则裁剪和自然垂坠的裙摆剪裁都让这条半身裙显得不那么单调,不单调,1
精致的V领露出了纤细的锁骨与优美的天鹅颈,精致V领,0
精致的V领露出了纤细的锁骨与优美的天鹅颈,露出了纤细锁骨,0
精致的V领露出了纤细的锁骨与优美的天鹅颈,露出优美天鹅颈,0
采用了V字的领口样式,V字领口样式,0
袖子上还做了一个松紧的设计,松紧设计,0
拉长下半身比例,黄金比例,0
高腰过膝设计,黄金比例,1
打造黄金身材比例。,黄金比例,1
落肩的袖型设计,落肩袖型,0
修饰肩部和手臂的线条。,落肩袖型,1
修饰肩部和手臂的线条。,修饰肩部线条,0
落肩的袖型设计,修饰肩部线条,1
修饰肩部和手臂的线条。,修饰手臂线条,0
落肩的袖型设计,修饰手臂线条,1
上身之后显得双腿更加修长。,裙摆蓬松,0
层层叠叠的裙摆营造出蓬松的效果,裙摆蓬松,1
可以遮住臀部,遮住臀部赘肉,0
下摆是前短后长的设计,遮住臀部赘肉,1
大腿等部位的赘肉,遮住臀部赘肉,1
大腿等部位的赘肉,遮住大腿赘肉,0
下摆是前短后长的设计,遮住大腿赘肉,1
可以遮住臀部,遮住大腿赘肉,1
轻松隐藏身上的小赘肉和不完美的小赘肉,隐藏小赘肉,0
拉伸腿部的线条比例,拉伸腿部线条,0
给人以大长腿的即视感,拉伸腿部线条,1
宽松的轮廓结合,拉伸腿部线条,1
很好的遮住了大腿上的肉肉,遮肉,0
显得腿细又长。,遮肉,1
加上钉珠的点缀,钉珠点缀,0
层层叠叠的蛋糕裙摆,钉珠点缀,1
凸显完美身材曲线。,凸显身材曲线,0
而且不规则的下摆剪裁还能很好的遮挡住身材上的一些小瑕疵哟,不规则下摆剪裁,0
而且不规则的下摆剪裁还能很好的遮挡住身材上的一些小瑕疵哟,遮挡身材小瑕疵,0
可以勾勒出凹凸有致的身材曲线。,勾勒身材曲线,0
裙身采用网纱的面料设计,网纱面料,0
营造出朦胧的透视效果,网纱面料,1
营造出朦胧的透视效果,朦胧透视效果,0
裙身采用网纱的面料设计,朦胧透视效果,1
使得衣身看起来不那么单调。,不单调,0
外层有一层透视的网纱和内层内衬形成一种朦胧的美感,朦胧美,0
打破衣身的单调与沉闷,打破单调,0
裙摆褶皱点缀,打破单调,1
带来丰富的视觉效果,打破单调,1
打破衣身的单调与沉闷,打破沉闷,0
裙摆褶皱点缀,打破沉闷,1
带来丰富的视觉效果,打破沉闷,1
带来丰富的视觉效果,视觉效果丰富,0
裙摆褶皱点缀,视觉效果丰富,1
打破衣身的单调与沉闷,视觉效果丰富,1
这样的设计能够在视觉上拉长脖子的线条,拉长脖子线条,0
展现出东方女性独有的韵味。,独有韵味,0
将复古与时尚完美的结合在了一起,独有韵味,1
袖口做了收紧的处理,袖口收紧,0
丰富了整体的造型和层次,袖口收紧,1
丰富了整体的造型和层次,丰富层次,0
袖口做了收紧的处理,丰富层次,1
拉伸身体的线条比例。,拉长线条比例,0
下摆采用收腰的轮廓结合,拉长线条比例,1
而裤腿上的皮标点缀,遮肉,0
还能完美的遮住大腿上的肉肉和小粗腿,遮肉,1
手感垂坠顺滑,手感顺滑,0
这款裤子采用墨兰面料,手感顺滑,1
上身亲肤舒适。,手感顺滑,1
宽松的衣身版型加上小A字下摆的设计,宽松版型,0
加上了荷叶边的元素,荷叶边元素,0
展现细节之美,荷叶边元素,1
很显飘逸感。,荷叶边元素,1
这款上衣采用真丝雪纺的面料,真丝雪纺面料,0
手感柔软顺滑,真丝雪纺面料,1
上身亲肤舒适。,真丝雪纺面料,1
手感柔软顺滑,手感顺滑,0
这款上衣采用真丝雪纺的面料,手感顺滑,1
上身亲肤舒适。,手感顺滑,1
有一丝小俏皮!,不单调,0
使整件衣服看起来不那么单调,不单调,1
可以遮掩腿部的赘肉,遮肉,0
半身裙采用了A字版型的设计,遮肉,1
采用经典的圆领设计,经典圆领,0
独立设计闪光法式少女使字母印花宽松t恤,经典圆领,1
顺利地将腰部的曲线勾勒得更加纤细一些,勾勒腰部曲线,0
让你看上去更有气质。,勾勒腰部曲线,1
精致蕾丝花型点缀裙身,精致蕾丝点缀,0
尽显优雅女人味。,精致蕾丝点缀,1
它真的太适合我这种懒癌妹子呀,适合懒癌,0
再穿上一双小白鞋就可以出门去啊,适合懒癌,1
但是要注意的是不要把自己的身材放到大包里吗?,适合懒癌,1
无袖的设计,无袖设计,0
让手臂活动更感轻松自由。,无袖设计,1
可以装手机,装随身小东西,0
钱包和钥匙等一些随身的小东西,装随身小东西,1
这样就不会像普通款那样容易掉下来了!,不容易掉下来,0
V领的设计可以拉长脖子的线条,V领设计,0
让脸看起来更小更瘦!,V领设计,1
V领的设计可以拉长脖子的线条,拉长脖子线条,0
让脸看起来更小更瘦!,拉长脖子线条,1
让脸看起来更小更瘦!,脸更瘦,0
V领的设计可以拉长脖子的线条,脸更瘦,1
这款衬衫的袖子做了打褶的设计,打褶设计,0
可以遮挡住腹部的赘肉,打褶设计,1
可以遮挡住腹部的赘肉,遮挡腹部赘肉,0
这款衬衫的袖子做了打褶的设计,遮挡腹部赘肉,1
这条裙子是吊带的设计,吊带设计,0
露出了锁骨和香肩,吊带设计,1
衬得肌肤更加白皙。,吊带设计,1
露出了锁骨和香肩,露出锁骨,0
这条裙子是吊带的设计,露出锁骨,1
衬得肌肤更加白皙。,露出锁骨,1
露出了锁骨和香肩,露出香肩,0
这条裙子是吊带的设计,露出香肩,1
衬得肌肤更加白皙。,露出香肩,1
衬得肌肤更加白皙。,衬得肌肤白皙,0
这条裙子是吊带的设计,衬得肌肤白皙,1
露出了锁骨和香肩,衬得肌肤白皙,1
对腿型不自信的妹子很友好哦!,对腿型友好,0
裤子是宽松的哈伦裤版型,对腿型友好,1
袖口和领口的撞色条纹装饰,撞色条纹砖石,0
给衣服增添了时尚感与设计感,撞色条纹砖石,1
性感的V领搭配无袖的设计,无袖设计,0
露出修长的手臂和白皙的皮肤,无袖设计,1
露出修长的手臂和白皙的皮肤,露出修长手臂,0
性感的V领搭配无袖的设计,露出修长手臂,1
露出修长的手臂和白皙的皮肤,露出白皙皮肤,0
性感的V领搭配无袖的设计,露出白皙皮肤,1
修身的版型设计,修身版型,0
轻松勾勒出性感小蛮腰,修身版型,1
尽显迷人好身材。,修身版型,1
轻松勾勒出性感小蛮腰,勾勒性感小蛮腰,0
修身的版型设计,勾勒性感小蛮腰,1
尽显迷人好身材。,勾勒性感小蛮腰,1
V领的设计,V领设计,0
非常仙美的一款连衣裙,V领设计,1
修饰柔美的颈部线条。,修饰颈部线条,0
简约大方,修饰颈部线条,1
打破裤身的单调与沉闷,打破沉闷,0
侧边撞色字母图案装饰,打破沉闷,1
脖颈以及肩部的线条美哟,精美印花,0
裙身精美的印花和别致的小V领结合的恰到好处地露出了纤细的锁骨,精美印花,1
裙身精美的印花和别致的小V领结合的恰到好处地露出了纤细的锁骨,别致小V领,0
脖颈以及肩部的线条美哟,别致小V领,1
采用缎面雪纺的面料,缎面雪纺面料,0
这款余潇潇时尚品牌的连衣裙,缎面雪纺面料,1
穿上后显得人特别有气场又不会太过于张扬,不张扬,0
又使得本款衬衫穿脱十分的便捷。,穿脱便捷,0
单排扣的衣门襟设计,穿脱便捷,1
裙子的版型很宽松,版型宽松,0
穿着没有拘束感,版型宽松,1
遮肉效果也是很显著的那种。,版型宽松,1
遮肉效果也是很显著的那种。,遮肉效果显著,0
裙子的版型很宽松,遮肉效果显著,1
穿着没有拘束感,遮肉效果显著,1
可以遮住肚子上的小肉肉,遮住肚子肉肉,0
宽松的版型加上中长款的设计,遮住肚子肉肉,1
遮住臀部和大腿上的肉肉,遮住臀部肉肉,0
A字裙摆设计,遮住臀部肉肉,1
显得腿部更加纤细迷人!,遮住臀部肉肉,1
遮住臀部和大腿上的肉肉,遮住大腿肉肉,0
A字裙摆设计,遮住大腿肉肉,1
显得腿部更加纤细迷人!,遮住大腿肉肉,1
显得腿部更加纤细迷人!,显得腿部纤细迷人,0
A字裙摆设计,显得腿部纤细迷人,1
遮住臀部和大腿上的肉肉,显得腿部纤细迷人,1
修身的版型设计,修身版型,0
勾勒出完美的身材曲线。,修身版型,1
勾勒出完美的身材曲线。,勾勒完美曲线,0
修身的版型设计,勾勒完美曲线,1
这款连衣裙采用了及踝的廓型设计,及踝廓型设计,0
上身之后可以修饰腿部的线条,及踝廓型设计,1
上身之后可以修饰腿部的线条,修饰腿部线条,0
这款连衣裙采用了及踝的廓型设计,修饰腿部线条,1
修身的版型设计勾勒出男士挺拔的身姿曲线,修身版型设计,0
让人一见钟情!,修身版型设计,1
修身的版型设计勾勒出男士挺拔的身姿曲线,勾勒挺拔身姿曲线,0
让人一见钟情!,勾勒挺拔身姿曲线,1
露出了锁骨和脖颈的线条,露出锁骨线条,0
领口是V领的款式,露出锁骨线条,1
显得脖子更加修长。,露出锁骨线条,1
露出了锁骨和脖颈的线条,露出脖颈线条,0
领口是V领的款式,露出脖颈线条,1
显得脖子更加修长。,露出脖颈线条,1
裙身的不规则设计是一大亮点,裙身不规则设计,0
打破常规连衣裙的单调与沉闷,裙身不规则设计,1
打破常规连衣裙的单调与沉闷,打破沉闷,0
裙身的不规则设计是一大亮点,打破沉闷,1
这款半身裙采用了包臀的鱼尾裙摆设计,包臀鱼尾裙摆设计,0
对身材没有太大的要求,对身材没有太大要求,0
不管是单穿还是作为内搭都是很不错的选择!,对身材没有太大要求,1
不管是单穿还是作为内搭都是很不错的选择!,百搭,0
对身材没有太大的要求,百搭,1
纯色的设计,纯色设计,0
简约又不简单哦!,纯色设计,1
露出精致锁骨和优美天鹅颈。,露出优美天鹅颈,0
加上木耳边的点缀,木耳边点缀,0
能够体现甜美的感觉。,木耳边点缀,1
增加裙子的层次感和装饰性。,增加层次感,0
裙摆的不规则设计,增加层次感,1
裙摆的不规则设计,增加装饰性,0
增加裙子的层次感和装饰性。,增加装饰性,1
这款连体裤采用无袖的设计,无袖设计,0
露出纤细的手臂,无袖设计,1
显得手臂更加纤细。,无袖设计,1
露出纤细的手臂,显得手臂纤细,0
这款连体裤采用无袖的设计,显得手臂纤细,1
显得手臂更加纤细。,显得手臂纤细,1
显得不再那么单调与沉闷,不单调,0
显得不再那么单调与沉闷,不沉闷,0
裤脚的开叉是今年非常流行的元素之一,今年流行,0
打破了纯色的单调性,撞色设计,0
在领口,撞色设计,1
袖口以及后身都采用了撞色的设计,撞色设计,1
打破了纯色的单调性,打破单调,0
在领口,打破单调,1
袖口以及后身都采用了撞色的设计,打破单调,1
让整条裤子看起来不会那么单调,不单调,0
裤脚的毛边设计也是一大亮点,不单调,1
而且这种设计也让裙子穿起来不会像普通连衣裙那样容易走光哦!,不容易走光,0
修饰男生颈部曲线,修饰颈部曲线,0
这款短袖T恤采用经典的圆领设计,修饰颈部曲线,1
简约大方,修饰颈部曲线,1
腰部是松紧的设计,松紧设计,0
腰部做了松紧的设计,腰部松紧设计,0
可以自己调节腰围大小,腰部松紧设计,1
可以自己调节腰围大小,可调节,0
腰部做了松紧的设计,可调节,1
圆领的设计简约大方,圆领设计,0
可以修饰颈部线条,圆领设计,1
很显休闲的感觉。,圆领设计,1
可以露出好看的锁骨和颈部线条,露出颈部线条,0
上衣是V领设计,露出颈部线条,1
轻而易举的遮住了身上多余的赘肉。,遮肉,0
裙摆的鱼尾设计,裙摆鱼尾设计,0
走动间随风飘扬,裙摆鱼尾设计,1
带来视觉的冲击效果。,视觉冲击效果,0
与衣身形成鲜明的色彩对比,视觉冲击效果,1
裙子上的印花设计,打破单调,0
打破了纯色裙身的单调与沉闷。,打破单调,1
打破了纯色裙身的单调与沉闷。,打破沉闷,0
裙子上的印花设计,打破沉闷,1
裙子的下摆则使用了A字形的设计,A字型设计,0
遮掩起不完美的腿型,A字型设计,1
遮掩起不完美的腿型,遮掩不完美腿型,0
裙子的下摆则使用了A字形的设计,遮掩不完美腿型,1
西装是职场女性必备的单品之一,职场女性必备单品,0
而裙摆则采用了不规则的剪裁方式,裙摆不规则剪裁,0
不会像普通衬衫那样过于宽松而感到紧绷和束缚的感觉,不紧绷,0
不会像普通衬衫那样过于宽松而感到紧绷和束缚的感觉,不束缚,0
露出精致的锁骨和纤细的脖颈,露出精致锁骨,0
V领的设计,露出精致锁骨,1
性感又不失女人味。,露出精致锁骨,1
露出精致的锁骨和纤细的脖颈,露出纤细脖颈,0
V领的设计,露出纤细脖颈,1
性感又不失女人味。,露出纤细脖颈,1
悬垂挺括穿着有型,挺括有型,0
布面光洁细腻,挺括有型,1
让脖子显得修长又性感呢,显得脖子修长,0
裙身采用格纹面料进行拼接剪裁,显得脖子修长,1
宽松的直筒版型,宽松直筒版型,0
不挑身材包容性强。,宽松直筒版型,1
可以遮掩手臂的赘肉,遮掩手臂赘肉,0
半袖的设计简洁利落,遮掩手臂赘肉,1
带来视觉显瘦的效果。,遮掩手臂赘肉,1
不仅使版型更加挺括立体,版型挺括,0
还令穿着更加服帖舒适,版型挺括,1
还令穿着更加服帖舒适,穿着服帖,0
不仅使版型更加挺括立体,穿着服帖,1
这款连衣裙采用POLO领的设计,POLO领设计,0
能够修饰颈部线条,POLO领设计,1
让整条裤子都显得不那么单调!,不单调,0
可以露出你纤细的锁骨与修长的手臂,露出纤细锁骨,0
V领和无袖的设计,露出纤细锁骨,1
可以露出你纤细的锁骨与修长的手臂,露出修长手臂,0
V领和无袖的设计,露出修长手臂,1
带来丰富的视觉效果,丰富视觉效果,0
精致的花朵刺绣点缀裙身,丰富视觉效果,1
显得浪漫而唯美,丰富视觉效果,1
裙摆是大波浪的裙摆呢,大波浪裙摆,0
这个长度刚好到大腿中部的长度,大波浪裙摆,1
不会压个子也不用怕走光啦,大波浪裙摆,1
不会压个子也不用怕走光啦,不压个子,0
裙摆是大波浪的裙摆呢,不压个子,1
这个长度刚好到大腿中部的长度,不压个子,1
不会压个子也不用怕走光啦,不怕走光,0
裙摆是大波浪的裙摆呢,不怕走光,1
这个长度刚好到大腿中部的长度,不怕走光,1
可以露出你纤细的锁骨以及优美的脖颈线条,露出纤细锁骨,0
可以露出你纤细的锁骨以及优美的脖颈线条,露出优美脖颈线条,0
这样的一件衬衫无论是单穿还是内搭都是很不错的选择哦!,百搭,0
不规则的裙摆剪裁,不规则剪裁,0
行走间随风飘起的轻盈裙摆,不规则剪裁,1
斜边的A字裙型,斜边A字裙型,0
可以遮挡住大腿上的赘肉,斜边A字裙型,1
可以遮挡住大腿上的赘肉,遮肉,0
斜边的A字裙型,遮肉,1
修饰脸型和颈部线条。,修饰颈部线条,0
胸前做了一个大大的蝴蝶结做装饰,蝴蝶结装饰,0
增加了一丝俏皮可爱感!,蝴蝶结装饰,1
高腰的版型加上A字的裙摆,A字裙摆,0
能够拉长下半身的比例,A字裙摆,1
能够拉长下半身的比例,拉长下半身比例,0
高腰的版型加上A字的裙摆,拉长下半身比例,1
高腰的设计加上宽松的裤腿版型,宽松裤腿版型,0
轻松就能穿出大长腿来啦,宽松裤腿版型,1
短款的设计,短款设计,0
浅浅无物苎麻印花连帽短外套,短款设计,1
反而多了一些设计感。,不单调,0
让整条裙子看起来不那么单调,不单调,1
连衣裙的领口处采用了圆领的剪裁方式,圆领剪裁,0
这个长度刚好可以遮住大腿上最粗的小肉肉呢。,遮肉,0
别致的领口设计,别致领口设计,0
把颈部线条修饰的淋漓尽致,别致领口设计,1
让整件上衣看起来不那么单调和沉闷,不单调,0
让整件上衣看起来不那么单调和沉闷,不沉闷,0
显得人更加娇小可爱。,显得人娇小可爱,0
凸显脖颈的修长和精气神。,凸显脖颈修长,0
简约的圆领设计,凸显脖颈修长,1
A字大裙摆的设计,遮肉,0
遮住大腿肉肉的同时显得腿部更加纤细。,遮肉,1
A字型的裙型,A字裙型,0
腰部做了收腰的处理,A字裙型,1
显得腰身更加纤细。,A字裙型,1
腰部做了收腰的处理,收腰处理,0
A字型的裙型,收腰处理,1
显得腰身更加纤细。,收腰处理,1
打破了纯色的单调与乏味。,打破单调,0
裤身两侧加入了撞色条纹元素进行点缀,打破单调,1
打破了纯色的单调与乏味。,打破乏味,0
裤身两侧加入了撞色条纹元素进行点缀,打破乏味,1
轻松塑造纤细笔直的大长腿,塑造大长腿,0
修身的版型设计,塑造大长腿,1
贴合腿部线条,塑造大长腿,1
对于身材的包容性好,身材包容性好,0
宽松的轮廓设计,身材包容性好,1
有着藏肉显瘦的视觉效果。,身材包容性好,1
裤脚毛边的设计,裤脚毛边设计,0
让整条裤子看起来不那么单调,裤脚毛边设计,1
沉闷了!,裤脚毛边设计,1
沉闷了!,不单调,0
裤脚毛边的设计,不单调,1
让整条裤子看起来不那么单调,不单调,1
沉闷了!,不沉闷,0
裤脚毛边的设计,不沉闷,1
让整条裤子看起来不那么单调,不沉闷,1
增添了创意和趣味性,增添创意,0
前幅以彩色的猪年印花图案装饰,增添创意,1
而且还能够凸显出女性的锁骨和颈部的曲线。,凸显锁骨曲线,0
而且还能够凸显出女性的锁骨和颈部的曲线。,凸显颈部曲线,0
裤子两侧有固定装饰口袋和后中开衩的设计,后中开衩设计,0
袖口以及衣摆的位置则使用了罗纹的样式,罗纹样式,0
而且这种设计也无形中提升了衣服的整体气质,提升衣服气质,0
勾勒曼妙脖颈曲线,勾勒颈线,0
这款上衣采用一字领的设计,勾勒颈线,1
露出性感锁骨,勾勒颈线,1
有一点小可爱了吧!,不单调,0
这种设计也使得整条裙子看起来不那么单调,不单调,1
可以遮住臀部和大腿上的肉肉哦!,遮住臀部肉肉,0
A字的裙摆,遮住臀部肉肉,1
可以遮住臀部和大腿上的肉肉哦!,遮住大腿上的肉肉,0
A字的裙摆,遮住大腿上的肉肉,1
高腰的设计,高腰设计,0
能够拉长身高比例,高腰设计,1
打造大长腿的视觉效果。,高腰设计,1
露出你纤细的脖颈和锁骨,露出纤细的脖颈,0
圆领的款式,露出纤细的脖颈,1
露出你纤细的脖颈和锁骨,露出纤细的锁骨,0
圆领的款式,露出纤细的锁骨,1
胸前的两个口袋不仅起到了装饰的作用还可以放一些小东西哦!,装饰作用,0
胸前的两个口袋不仅起到了装饰的作用还可以放一些小东西哦!,放小东西,0
显得手臂纤细又修长,显得手臂修长,0
简约的袖型设计,显得手臂修长,1
修饰手臂线条,显得手臂修长,1
不仅让整体看上去更具层次感,显得手臂,0
还彰显出一种别具一格的潮流风范。,显得手臂,1
让穿脱变得方便起来。,穿脱方便,0
前襟点缀着精致的纽扣,穿脱方便,1
v领的设计,v领设计,0
露出精致锁骨和优美天鹅颈,v领设计,1
性感又迷人。,v领设计,1
使这款衣服看起来不那么单调,不单调,0
上身给人一种小清新的感觉。,不单调,1
领口是方领的设计,方领设计,0
优雅宫廷感的一款连衣裙,方领设计,1
露出精致的锁骨,方领设计,1
露出精致的锁骨,露出精致锁骨,0
优雅宫廷感的一款连衣裙,露出精致锁骨,1
领口是方领的设计,露出精致锁骨,1
裙身两侧还有斜插口袋的设计,斜插口袋设计,0
方便放些随身的小件物品,斜插口袋设计,1
方便放些随身的小件物品,放小件物品,0
裙身两侧还有斜插口袋的设计,放小件物品,1
让整件西装看起来不那么单调!,不单调,0
这款连衣裙采用了中式盘扣的设计,中式盘扣设计,0
充满了浓郁的民族风情,中式盘扣设计,1
能够拉长女性的身材比例,拉长身材比例,0
高腰的款式设计,拉长身材比例,1
裙子的A字大摆可以遮住大腿上的肉肉,遮住大腿肉,0
让你秒变长腿女神!,遮住大腿肉,1
展现柔美的女性魅力。,展现女性魅力,0
穿脱方便又不影响整体的美观与整体效果,不影响整体美观,0
门襟单排多扣设计,不影响整体美观,1
既彰显了品牌魅力又提升了裤子的辨识度。,提升裤子的辨识度,0
视觉上拉长腿线的同时显得双腿更加笔直修长哦!,显得双腿笔直修长,0
让腿部看起来更加的修长。,让腿部看起来修长,0
九分长度的设计,让腿部看起来修长,1
露出脚踝最细的部位,让腿部看起来修长,1
凸显颈部和锁骨的精致线条,凸显颈部线条,0
V领加系带的小心机设计,凸显颈部线条,1
凸显颈部和锁骨的精致线条,凸显锁骨的精致线条,0
V领加系带的小心机设计,凸显锁骨的精致线条,1
让整件衣服看起来不那么单调,不单调,0
裙子上还做了镂空刺绣的设计,不单调,1
轻松凹出时尚的造型。,轻松凹出时尚造型,0
两件套的设计,轻松凹出时尚造型,1
免去了搭配的烦恼,轻松凹出时尚造型,1
任何人都可以轻松驾驭。,任何人都可以驾驭,0
轻松勾勒出纤瘦的身材曲线。,勾勒纤瘦身材曲线,0
这个版型是有点小宽松,版型宽松,0
但是不是那种很修身的那种上身真的太舒服了!,版型宽松,1
但是不是那种很修身的那种上身真的太舒服了!,上身舒服,0
这个版型是有点小宽松,上身舒服,1
修饰颈脖和脸型,修饰脸型,0
经典的V领设计,修饰脸型,1
展现迷人锁骨,修饰脸型,1
还非常的时尚。,非常时尚,0
连体裤是今年非常流行的款式,非常时尚,1
不仅穿着凉快,非常时尚,1
身材娇小的妹子也完全可以驾驭得了哦!,身材娇小的妹子也可以驾驭,0
显得腰细腿长,身材娇小的妹子也可以驾驭,1
这款裤子采用竖向条纹的设计,竖向条纹设计,0
在视觉上有拉伸腿长的效果,竖向条纹设计,1
在视觉上有拉伸腿长的效果,视觉上拉伸腿长,0
这款裤子采用竖向条纹的设计,视觉上拉伸腿长,1
腰部做了收腰的处理,腰部收腰处理,0
让腰身看起来更加纤细。,腰部收腰处理,1
再在裙摆处做了开叉的处理,裙摆开叉处理,0
行走间露出一小截腿部肌肤,裙摆开叉处理,1
裙摆采用不规则的裙摆剪裁,不规则裙摆剪裁,0
在视觉上拉长了腿部的比例,视觉上拉长腿部比例,0
打造出大长腿的既视感。,视觉上拉长腿部比例,1
打造出大长腿的既视感。,打造大长腿,0
在视觉上拉长了腿部的比例,打造大长腿,1
v领的设计可以拉长脖子的线条,v领设计,0
还能将腿型修饰得更加笔直修长。,修饰腿型笔直修长,0
这款T恤采用经典的圆领设计,经典圆领设计,0
简洁大方,经典圆领设计,1
时尚百搭。,经典圆领设计,1
裙身精美的数码印花图案与纯色的裙身形成鲜明的对比,纯色裙身,0
展露出性感的美背与白皙的背部肌肤,展露性感美背,0
后背的大露背剪裁,展露性感美背,1
下摆是小A摆的设计,小A摆设计,0
可以遮住肚子上的小肉肉哦。,小A摆设计,1
下摆是小A摆的设计,遮肉,0
可以遮住肚子上的小肉肉哦。,遮肉,1
将女性的颈部线条修饰得更加修长优美,修饰颈部线条修长优美,0
显衬白皙的肤色,显衬白皙肤色,0
胭脂红的连体裤,显衬白皙肤色,1
衬得肤色更加白皙透亮。,显衬白皙肤色,1
无论搭配T恤还是衬衫都超级好看啊,百搭,0
无论是单穿还是作为内搭,百搭,0
都是很不错的选择。,百搭,1
很好的修饰腰部和臀部的线条。,修饰腰部线条,0
很好的修饰腰部和臀部的线条。,修饰臀部线条,0
不管是单穿还是搭配外套穿都很好看呢,百搭,0
露出肩部和颈部的迷人线条,露出肩部迷人线条,0
性感又不失女人味。,露出肩部迷人线条,1
这款裤子采用的是阔腿的设计,阔腿设计,0
能够完美的遮住大腿上的肉肉,阔腿设计,1
胸前口袋上点缀有精致的刺绣小图案,精致刺绣小图案,0
采用露肩的设计,露肩设计,0
新款粉色边印花仙女超仙连衣裙,露肩设计,1
让双腿看起来更加笔直修长!,双腿看起来笔直修长,0
裤腿两侧做了一个大大的口袋,裤腿两侧大的口袋,0
领口系带边的设计,领口系带边设计,0
可以系成蝴蝶结的样式,领口系带边设计,1
细细的肩带,细肩带,0
可以系成一个蝴蝶结来做装饰哦!,细肩带,1
可以系成一个蝴蝶结来做装饰哦!,可以系成蝴蝶结装饰,0
细细的肩带,可以系成蝴蝶结装饰,1
两侧的斜插口袋设计,两侧斜插口袋,0
方便放一些小东西或者随身携带的小东西哦!,两侧斜插口袋,1
方便放一些小东西或者随身携带的小东西哦!,方便放随身小物,0
两侧的斜插口袋设计,方便放随身小物,1
精致的包扣设计,精的包扣设计,0
让细节更出彩。,精的包扣设计,1
不管是搭配衬衫还是T恤都很好看哦,百搭,0
而且裙子的长度是可以盖住臀部的哦,百搭,1
所以不用担心穿久了会把大腿上的肉肉藏起来了,百搭,1
而且裙子的长度是可以盖住臀部的哦,藏肉,0
不管是搭配衬衫还是T恤都很好看哦,藏肉,1
所以不用担心穿久了会把大腿上的肉肉藏起来了,藏肉,1
抛去了花哨的缀饰,抛去花哨缀饰,0
只在裤身上加入了个性的反向操作印花,抛去花哨缀饰,1
袖口和衣摆都做了一些小花边的点缀,小花边点缀,0
只在领口,小花边点缀,1
裤腿两侧做了两个大大的口袋和一个金属小圆环装饰,裤腿两侧大口袋,0
叠穿的设计是这款外套的一大亮点,叠穿设计,0
袖口和衣摆都采用了松紧的设计,松紧设计,0
收腰的版型加上A字的裙摆,收腰版型,0
简直不要太美啊!,收腰版型,1
收腰的版型加上A字的裙摆,A字裙摆,0
简直不要太美啊!,A字裙摆,1
裙摆是A字的裙摆,A字裙摆,0
可以遮住大腿上的肉肉,A字裙摆,1
显得腿很长哦!,A字裙摆,1
可以遮住大腿上的肉肉,遮肉,0
裙摆是A字的裙摆,遮肉,1
显得腿很长哦!,遮肉,1
显得腿很长哦!,显腿长,0
裙摆是A字的裙摆,显腿长,1
可以遮住大腿上的肉肉,显腿长,1
宽松的版型加上落肩袖的设计,宽松版型,0
宽松的版型加上落肩袖的设计,落肩袖设计,0
裙身的波点设计,裙身波点设计，不单调,0
让裙子看起来不那么单调。,裙身波点设计，不单调,1
沉闷了起来!,不单调,0
让整件衣服看起来不那么单调,不单调,1
沉闷了起来!,不沉闷,0
让整件衣服看起来不那么单调,不沉闷,1
裙子的表面则点缀了丰富的印花,点缀丰富的印花,0
带给你吸睛的视觉效果。,点缀丰富的印花,1
可以在视觉上拉长你的身材比例。,拉长身材比例,0
高腰的A字版型设计,拉长身材比例,1
裙摆的不规则设计是这款裙子的一大亮点,裙摆不规则设计,0
展现纤细笔直的大长腿。,展现大长腿,0
经典的V领设计,经典V领设计,0
视觉上拉长脖子线条,经典V领设计,1
显得脸小又瘦。,经典V领设计,1
显得脸小又瘦。,显脸小,0
经典的V领设计,显脸小,1
视觉上拉长脖子线条,显脸小,1
露出了纤细的锁骨和优美的脖颈线条。,露出纤细的锁骨,0
露出了纤细的锁骨和优美的脖颈线条。,露出优美的脖颈线条,0
A字的裙型可以遮挡住大腿上的赘肉,A字裙型,0
显得身材更加纤细苗条哦!,A字裙型,1
A字的裙型可以遮挡住大腿上的赘肉,遮肉,0
显得身材更加纤细苗条哦!,遮肉,1
袖口和裙摆的双层拼接与裙身的印花相呼应,裙身印花,0
可以遮住大腿上的小肉肉哦!,遮肉,0
下摆是A字过膝的款式,遮肉,1
让整件衬衣看起来不那么单调!,不单调,0
很好的遮住腿上的肉肉,遮肉,0
阔腿裤型,遮肉,1
上身更显修长双腿,遮肉,1
让这件衣服看起来不那么单调。,不单调,0
印花的设计给衣服增添了时尚感,不单调,1
这让整条裙子看起来不那么单调。,不单调,0
立体蕾丝和仿真丝面料的结合,不单调,0
让整条裙子看起来不那么单调,不单调,1
裙子的腰间还加上了系带的元素,系带元素,0
凸显纤细的腰肢线条,系带元素,1
凸显纤细的腰肢线条,凸显腰肢线条,0
裙子的腰间还加上了系带的元素,凸显腰肢线条,1
自然垂落的A字裙摆设计,灵动,0
穿着的时候会显得更加飘逸动人,灵动,1
收腰的版型加上A字的裙摆,收腰版型,0
显得人很瘦又高呢,收腰版型,1
收腰的版型加上A字的裙摆,A字裙摆,0
显得人很瘦又高呢,A字裙摆,1
显得人很瘦又高呢,显瘦显高,0
收腰的版型加上A字的裙摆,显瘦显高,1
彰显浓郁的民族风气息。,名族风,0
衣身拼色百褶的设计,拼色百褶设计,0
为裙子增添了层次感和设计感,拼色百褶设计,1
可以装一些小东西,放小东西,0
两侧有口袋点缀,放小东西,1
也可以放些随身的小东西哦!,放小东西,1
精致的刺绣与精美的刺绣工艺相互结合,精美刺绣,0
裙摆处的开叉设计,不单调,0
让整条裙子看起来不那么单调,不单调,1
而v领的设计,V领,0
更是将女性的肩颈线条勾勒的十分完美,V领,1
可以装一些小东西也可以放一下手机或者钥匙之类的东西哟,装小东西,0
怎么穿都不会觉得有束缚的感觉。,不束缚,0
可以遮住大腿上的肉肉,遮肉,0
裙摆是A字大摆的设计,遮肉,1
宽松的裤腿可以遮住腿上的肉肉,遮肉,0
裤子采用的是阔腿裤设计,遮肉,1
领边和袖口的打结设计,不单调,0
让整件衬衫看起来不那么单调,不单调,1
上身之后可以显得人身材更加高挑。,显高挑,0
裙身是高腰的A字版型设计,显高挑,1
修饰小巧脸型。,修饰脸型,0
小露锁骨,修饰脸型,1
上身非常显皮肤白,显白,0
这款裙子采用蕾丝的面料,显白,1
这样的设计让整件衣服看起来不那么单调!,不单调,0
打破了纯色的单调与乏味,打破单调,0
衣身以缤纷多彩的色调进行渲染,打破单调,1
打破了纯色的单调与乏味,打破乏味,0
衣身以缤纷多彩的色调进行渲染,打破乏味,1
衬托出修长的颈部线条,衬托颈部线条,0
条纹的元素点缀,衬托颈部线条,1
尽显小清新的格调,衬托颈部线条,1
条纹的元素点缀,条纹元素,0
衬托出修长的颈部线条,条纹元素,1
尽显小清新的格调,条纹元素,1
裙子的长度刚好盖住臀部和大腿上的肉肉,遮肉,0
显得腿又细又长。,遮肉,1
显得腿又细又长。,显腿长,0
裙子的长度刚好盖住臀部和大腿上的肉肉,显腿长,1
这款连衣裙采用一字肩的设计,一字肩设计,0
露出精致的锁骨和优美的天鹅颈,一字肩设计,1
露出精致的锁骨和优美的天鹅颈,露出精致锁骨,0
这款连衣裙采用一字肩的设计,露出精致锁骨,1
露出精致的锁骨和优美的天鹅颈,露出优美天鹅颈,0
这款连衣裙采用一字肩的设计,露出优美天鹅颈,1
不仅打破了纯色着装带来的单调乏味,打破单调,0
不仅打破了纯色着装带来的单调乏味,打破乏味,0
采用了镂空的元素,不单调,0
这样的设计不仅让整件衣服看起来不那么单调,不单调,1
而胸前的字母印花则打破了纯色的单调与乏味感,打破单调,0
而胸前的字母印花则打破了纯色的单调与乏味感,打破乏味,0
裤腿处做了一个绑带的设计,绑带设计,0
可以系成蝴蝶结来打个结哦!,绑带设计,1
上身之后显得人很青春有活力。,不单调,0
让裙子看起来不那么单调,不单调,1
不仅打破了整体衣身的单调性和沉闷感,打破单调,0
不仅打破了整体衣身的单调性和沉闷感,打破沉闷,0
腰部系带收腰设计,显腰细,0
系上一个蝴蝶结就显得腰细腿长,显腰细,1
系上一个蝴蝶结就显得腰细腿长,显腿长,0
腰部系带收腰设计,显腿长,1
露出纤细的手臂,露出纤细手臂,0
这条裙子是无袖的设计,露出纤细手臂,1
显得手臂更加纤细。,露出纤细手臂,1
而且这个长度刚好可以遮住臀部和大腿上的肉肉,遮肉,0
让整条裙子看起来不那么单调了!,不单调,0
胸口和袖子都做了波浪边的设计,不单调,1
视觉上拉长了下半身比例。,拉长下半身比例,0
会显得腰细腿长。,显腰细,0
将下摆塞进裙子里,显腰细,1
会显得腰细腿长。,显腿长,0
将下摆塞进裙子里,显腿长,1
衬托出优美的脖颈线条和精致的脸型,衬托脖颈线条,0
经典的翻领造型,衬托脖颈线条,1
这样一来既不会显得太过于暴露又不至于显得过于单调。,不单调,0
修身的版型设计,修身版型,0
将女性凹凸有致的身材完美展示出来,修身版型,1
两侧斜插口袋的设计,斜插口袋设计,0
可放随身物品也是街边凹造型的好帮手哦!,斜插口袋设计,1
行走间隐约露出腿部肌肤,裙摆开叉,0
裙摆上还做了开叉的处理,裙摆开叉,1
高腰的版型,高腰版型,0
可以拉长下半身的比例,高腰版型,1
让双腿看起来更加笔直修长。,高腰版型,1
可以拉长下半身的比例,拉长下半身比例,0
高腰的版型,拉长下半身比例,1
让双腿看起来更加笔直修长。,拉长下半身比例,1
袖口的喇叭设计,袖口喇叭设计,0
将手臂修饰得更加纤细。,袖口喇叭设计,1
这款吊带背心采用修身的版型设计,修身版型设计,0
轻松勾勒出姣好的身材曲线。,修身版型设计,1
轻松勾勒出姣好的身材曲线。,勾勒身材曲线,0
这款吊带背心采用修身的版型设计,勾勒身材曲线,1
可以遮住大腿上的肉肉,遮肉,0
裙摆是A字设计,遮肉,1
显得腿很细哦!,遮肉,1
显得腿很细哦!,显腿细,0
裙摆是A字设计,显腿细,1
可以遮住大腿上的肉肉,显腿细,1
不仅能非常好的修饰完美的脸部轮廓线条。,修饰脸部轮廓,0
腰部是松紧腰的设计,松紧腰设计,0
对身材没有限制,松紧腰设计,1
而裙摆则采用了不规则的裁剪方式,不规则裁剪,0
不仅打破了整体的单调与沉闷,不规则裁剪,1
不仅打破了整体的单调与沉闷,打破沉闷,0
而裙摆则采用了不规则的裁剪方式,打破沉闷,1
可以遮住腿上的肉肉和不完美的腿型,遮肉,0
裤腿是宽松的阔腿设计,遮肉,1
可以遮挡住手臂上的小肉肉,遮肉,0
袖子也是有一点灯笼袖的设计,遮肉,1
这款半身裙采用了鱼尾的设计,鱼尾设计,0
走动间尽显婀娜的身姿。,鱼尾设计,1
让这条职业半身裙看起来就不那么单调了吧?,不单调,0
而且可以遮住肚子上的小肉肉。,遮肉,0
加上裙身的皱褶设计,裙身皱褶设计,0
不仅增强了整体的层次感,裙身皱褶设计,1
采用宽松的廓型设计,宽松廓型设计,0
轻薄肌理棉麻阔腿裤,宽松廓型设计,1
轻松包容各种腿型,宽松廓型设计,1
连帽的设计,连帽设计,0
可以呵护头部,连帽设计,1
具有防风御寒的效果。,连帽设计,1
沉闷,不单调,0
裙身精美的镂空蕾丝设计,不单调,1
让整条裙子看起来不那么单调,不单调,1
让整条裙子看起来不那么单调,不单调,0
穿上它你就是人群中最耀眼的那颗星呢?,不单调,1
露出了纤细的锁骨和优美的脖颈线条,露出纤细锁骨,0
领口是经典的V领款式,露出纤细锁骨,1
露出了纤细的锁骨和优美的脖颈线条,露出优美脖颈线条,0
领口是经典的V领款式,露出优美脖颈线条,1
下摆做了前短后长的设计,下摆前短后长,0
显得不那么松垮也不会过于单调哦!,下摆前短后长,1
显得不那么松垮也不会过于单调哦!,不单调,0
下摆做了前短后长的设计,不单调,1
可随自己喜好调节腰围大小,可调节,0
腰部松紧设计,可调节,1
穿着舒适方便,可调节,1
使这款上衣看起来不那么单调。,不单调,0
勾勒出优美的肩颈曲线,勾勒颈线,0
细细的吊带设计,勾勒颈线,1
再加以下摆褶皱处理,这周,0
丰富层次感之余,这周,1
透露几分飘逸灵动之感,这周,1
而裙摆上的流苏毛边更是为牛仔裙增添了几丝俏皮和灵动的气息,裙摆流苏毛边,0
不仅很好的修饰了脸型,修饰脸型,0
同时还衬托出纤细修长的颈部线条。,修饰脸型,1
同时还衬托出纤细修长的颈部线条。,衬托颈部线条,0
不仅很好的修饰了脸型,衬托颈部线条,1
而胸前的小V领更是一大亮点,胸前小V领,0
立体的裁剪加上得体的裁剪轻松勾勒出美妙身姿。,立体剪裁,0
立体的裁剪加上得体的裁剪轻松勾勒出美妙身姿。,勾勒身姿,0
胸前有一排小扣子做装饰,胸前小扣子装饰,0
可以露出你纤细的锁骨,纤细锁骨,0
裙子的领子是V领的设计,纤细锁骨,1
高腰的设计,高腰设计,0
拉长了腿部的比例,高腰设计,1
显得人高挑又有气质!,高腰设计,1
拉长了腿部的比例,拉长腿部的比例,0
高腰的设计,拉长腿部的比例,1
显得人高挑又有气质!,拉长腿部的比例,1
将衬衫与T恤结合起来,假两件设计,0
这款衬衫采用假两件的设计,假两件设计,1
采用吊带衫和蕾丝裙的组合设计,吊带衫和蕾丝裙组合设计,0
这款吊带打底上衣两件套,吊带衫和蕾丝裙组合设计,1
这样的设计不仅不会让你觉得太过于臃肿反而会显得你很瘦哦!,显瘦,0
可以勾勒出你的小蛮腰,勾勒小蛮腰,0
腰部是收腰的款式,勾勒小蛮腰,1
这款打底衫精选优质的面料进行打造,优质面料,0
手感顺滑,优质面料,1
富有肌理,优质面料,1
这样的设计能够在视觉上拉长颈部的曲线,拉长颈线,0
采用了V领的设计,拉长颈线,1
能够遮掩腰腹的赘肉,遮肉,0
这款半身裙采用了中腰的设计,遮肉,1
让纯色的衣身变得不那么单调,不单调,0
反而多了一些时尚的味道。,不单调,1
小翻领的polo衫设计,舒适,0
这款柔软的纯棉针织面料亲肤而又舒服,舒适,1
小翻领的polo衫设计,Polo衫,0
这款柔软的纯棉针织面料亲肤而又舒服,Polo衫,1
反而多了一些俏皮和可爱。,不单调,0
让整件裙子看起来不那么单调,不单调,1
让整件裙子看起来不那么单调了,不单调,0
沉闷和单调。,不单调,0
让整件衣服看起来不那么单调,不单调,1
让整条裤子都充满了浓郁的民族风情。,名族风,0
v领的设计,V领,0
仙气飘飘的一款连衣裙,V领,1
性感迷人风情浪漫。,V领,1
展现迷人锁骨。,v领,0
这款连衣裙采用V领设计,v领,1
修饰颈部线条,v领,1
两个口袋可以放些随身的小东西来放手机或者钥匙之类的东西啦,可放随身小物,0
袖口也做了收口的设计,可放随身小物,1
袖口也做了收口的设计,袖口收口设计,0
两个口袋可以放些随身的小东西来放手机或者钥匙之类的东西啦,袖口收口设计,1
很好的修饰肩部和颈部的曲线,修饰肩部曲线,0
让脖子显得修长又纤细。,修饰肩部曲线,1
很好的修饰肩部和颈部的曲线,修饰颈部曲线,0
让脖子显得修长又纤细。,修饰颈部曲线,1
领口是V字开口的设计,V字开口设计,0
露出你纤细的锁骨和优美的天鹅颈,V字开口设计,1
露出你纤细的锁骨和优美的天鹅颈,露出纤细的锁骨,0
领口是V字开口的设计,露出纤细的锁骨,1
反而多了一些精致的感觉。,不单调,0
让整件衣服看起来不那么单调,不单调,1
翻领的设计,翻领设计,0
能够修饰颈部的线条,翻领设计,1
很显干练的感觉。,翻领设计,1
能够修饰颈部的线条,修饰颈部线条,0
翻领的设计,修饰颈部线条,1
很显干练的感觉。,修饰颈部线条,1
小立领和盘扣的设计,盘扣设计,0
这款连衣裙是典型的中式旗袍款式,盘扣设计,1
能够修饰腿部的线条,修饰腿部线条,0
这款连衣裙采用中长的一步裙设计,修饰腿部线条,1
腰部做了收腰的处理,收腰处理,0
显得腰细腿长,收腰处理,1
身材更修长!,收腰处理,1
身材更修长!,身材修长,0
腰部做了收腰的处理,身材修长,1
显得腰细腿长,身材修长,1
腰部做了收腰的处理,收腰处理,0
将腰线拉高了好几倍,收腰处理,1
显得腿很长哦,收腰处理,1
将腰线拉高了好几倍,拉高腰线,0
腰部做了收腰的处理,拉高腰线,1
显得腿很长哦,拉高腰线,1
显得腿很长哦,显腿长,0
腰部做了收腰的处理,显腿长,1
将腰线拉高了好几倍,显腿长,1
袖口和衣摆都做了收口的设计,收口设计,0
对各种身材都很友好哦,收口设计,1
裙子的腰部使用了系带的方式进行设计,腰部系带设计,0
可遮挡手臂上的赘肉。,遮挡手臂赘肉,0
飞飞袖的设计,遮挡手臂赘肉,1
反而有几分优雅的感觉。,不单调,0
让整条裙子看起来不那么单调,不单调,1
再有就是腰间的抽绳可以系上一个漂亮的蝴蝶结进行装饰,蝴蝶结抽绳装饰,0
修饰男生颈部曲线,修饰颈部曲线,0
经典圆领设计,修饰颈部曲线,1
简约大方,修饰颈部曲线,1
领口和袖口都采用了小V领的设计,小V领设计,0
这样会显得脖子更加修长,小V领设计,1
这样会显得脖子更加修长,显得脖子修长,0
领口和袖口都采用了小V领的设计,显得脖子修长,1
裙身采用蕾丝与网纱的拼接方式,蕾丝与网纱拼接,0
走起路来飘逸又灵动,蕾丝与网纱拼接,1
遮住大腿上的小肉肉哦!,遮大腿肉,0
下半身是A字版半身裙,遮大腿肉,1
微微散开的裙摆,遮大腿肉,1
露出修长的手臂和纤细的手臂。,露出修长手臂,0
这款连衣裙采用细肩带的设计,细肩带设计,0
露出精致的锁骨线条,细肩带设计,1
而且裙身还做了精美的绣花来进行点缀,裙身精美绣花,0
是春夏秋三季必备的单品之一。,必备单品,0
浅黄色的空凋衫,必备单品,1
上身之后会显得人很瘦哦!,显瘦,0
这款外套在版型上做了一些改良,显瘦,1
高腰的设计,高腰设计,0
优化腿部的线条,高腰设计,1
轻松的穿出大长腿的感觉。,高腰设计,1
优化腿部的线条,优化腿部线条,0
高腰的设计,优化腿部线条,1
轻松的穿出大长腿的感觉。,优化腿部线条,1
轻松的穿出大长腿的感觉。,轻松穿出大长腿,0
高腰的设计,轻松穿出大长腿,1
优化腿部的线条,轻松穿出大长腿,1
怎么穿都不会出错。,不出错,0
让整件衣服看起来不那么单调,不单调,0
袖口和领口都做了领结设计,不单调,1
包肩的设计露出了肩部和手臂的肌肤,包肩设计,0
更显性感与妩媚。,包肩设计,1
包肩的设计露出了肩部和手臂的肌肤,露出肌肤,0
更显性感与妩媚。,露出肌肤,1
能够拉长下身的比例,拉长下身比例,0
更显腿部的修长。,拉长下身比例,1
更显腿部的修长。,更显腿部修长,0
能够拉长下身的比例,更显腿部修长,1
这款披风采用麻棉的面料,麻棉面料,0
手感柔软,麻棉面料,1
上身亲肤舒适。,麻棉面料,1
两侧对称的翻盖口袋装饰和袖口纽扣的设计都给这件西装增添了一些设计感与层次感!,袖口纽扣设计,0
新款的烟灰花连体裤,宽松设计,0
在版型上采用了宽松的设计,宽松设计,1
而且胸下还增加了一个大大的口袋,胸下大大的口袋,0
吊带的设计,吊带设计,0
展露优美的肩颈曲线,吊带设计,1
散发性感的女人味。,吊带设计,1
散发性感的女人味。,性感女人味,0
吊带的设计,性感女人味,1
展露优美的肩颈曲线,性感女人味,1
腰间有一根抽绳可以系成一个蝴蝶结来修饰腰线,腰部抽绳,0
显得腰细腿长。,腰部抽绳,1
这款连衣裙采用了修身的版型设计,修身版型设计,0
能够勾勒出凹凸有致的身材,修身版型设计,1
能够勾勒出凹凸有致的身材,勾勒凹凸有致身材,0
这款连衣裙采用了修身的版型设计,勾勒凹凸有致身材,1
裤脚的毛边点缀,裤脚毛边点缀,0
为裤子注入了几分随性与洒脱,裤脚毛边点缀,1
纯色的颜色设计,不单调,0
让裤子看起来不那么单调,不单调,1
宽松的版型遮肉效果也是一级棒,宽松版型,0
袖口以及下摆等处均用刺绣的手法来做装饰,刺绣装饰,0
领口,刺绣装饰,1
既丰富了层次又提升了穿着的安全性。,层次感,0
可以修饰颈部的线条,修饰颈线,0
V领的设计,修饰颈线,1
打造小v脸。,修饰颈线,1
这样就不会显得太死板了!,不死板,0
袖子上还加了一圈小花边来做装饰,不死板,1
让整件衣服显得不那么单调了起来。,不单调,0
A字的裙摆可以遮住腿上的小肉肉,遮肉,0
裙摆的设计是一大亮点,遮肉,1
领口和袖口的木耳边设计,不单调,0
让整件裙子看起来不那么单调,不单调,1
裤腿上不规则的破洞设计,不单调,0
让整条裤子看起来不那么单调和沉闷,不单调,1
裙身的压褶设计,不单调,0
让整条裙子看起来不那么单调。,不单调,1
港风的短袖T恤,流行元素,0
双色条纹的设计,流行元素,1
是今年非常流行的元素之一。,流行元素,1
这款连衣裙采用了亮片刺绣的设计,亮片刺绣设计,0
在阳光的照耀下闪闪发光,亮片刺绣设计,1
可以遮住肚子上的小肉肉哦!,遮住肚子上肉肉,0
裙摆是A字版设计,遮住肚子上肉肉,1
增添性感的女人味。,增添女人味,0
能够拉长下半身的比例,拉长下半身比例,0
打造出大长腿的既视感。,拉长下半身比例,1
打造出大长腿的既视感。,打造大长腿,0
能够拉长下半身的比例,打造大长腿,1
让双腿看起来更加的修长笔直,双腿修长笔直,0
整个人看起来都很有精神气呢!,双腿修长笔直,1
袖口以及下摆都做了小花边的设计,小花边设计,0
领口,小花边设计,1
宽松的版型,腿细,0
可以遮住身上的肉肉,腿细,1
显得腿又细又长。,腿细,1
宽松的版型,腿长,0
可以遮住身上的肉肉,腿长,1
显得腿又细又长。,腿长,1
展露出迷人的锁骨曲线,露出锁骨曲线,0
而V领的款式,露出锁骨曲线,1
衬托小巧的脸型。,露出锁骨曲线,1
衬托小巧的脸型。,衬托小巧脸型,0
而V领的款式,衬托小巧脸型,1
展露出迷人的锁骨曲线,衬托小巧脸型,1
对身材有着极好的包容性。,身材包容性好,0
宽松的版型,身材包容性好,1
方便日常生活的穿脱。,方便穿脱,0
一粒扣的设计,方便穿脱,1
简洁大方,方便穿脱,1
而束脚的设计,束脚设计,0
更是将休闲随性的街头美感演绎到了极致。,束脚设计,1
引爆你的回头率。,引爆回头率,0
爱穿的印花T恤,引爆回头率,1
版型是有点小宽松的,版型宽松,0
重磅姆米真丝短袖T恤,版型宽松,1
让身材比例更加完美。,比例更完美,0
高腰线的设计,比例更完美,1
拉长下半身比例,比例更完美,1
领口和袖口都做了花边的设计,花边设计,0
让整条裙子看起来不那么单调。,花边设计,1
让整条裙子看起来不那么单调。,不单调,0
领口和袖口都做了花边的设计,不单调,1
在视觉上拉长了腿部的比例,拉长腿部比例,0
显得高挑又迷人。,拉长腿部比例,1
裤边做了毛边的设计,毛边设计,0
让裤子看起来不那么单调,毛边设计,1
裤边做了毛边的设计,不单调,0
让裤子看起来不那么单调,不单调,1
也不至于太随意了!,不单调,0
让整件衣服看起来不那么单调,不单调,1
也不至于太随意了!,不随意,0
让整件衣服看起来不那么单调,不随意,1
拉长了腿部的比例,拉长腿部比例,0
高腰的设计,拉长腿部比例,1
打造了大长腿的既视感。,拉长腿部比例,1
带来古典的韵味,古典韵味,0
同时更显几分复古的感觉。,古典韵味,1
方便放置一些小物品。,放置小物品,0
两侧加上了口袋的元素,放置小物品,1
顺利地展露出高挑的腿部线条,展露腿部线条,0
短款的裁剪,展露腿部线条,1
而且它灯笼袖的剪裁设计还能够完美的遮掩住手臂上多余的小肉肉,遮肉,0
露出精致的锁骨和优美的天鹅颈,露出精致锁骨,0
尽显女性的妩媚与性感。,露出精致锁骨,1
露出精致的锁骨和优美的天鹅颈,露出优美天鹅颈,0
尽显女性的妩媚与性感。,露出优美天鹅颈,1
可以系成一个蝴蝶结来修饰腰部和肚子上的赘肉,修饰赘肉,0
让身材看起来更加苗条高挑哦!,修饰赘肉,1
那就是在面料的选择上也是下足了功夫,面料选择下足功夫,0
让整条裙子看起来不那么单调。,不单调,0
领口和袖口都拼接了白色的珍珠,不单调,1
视觉上拉长身高比例且显得人更加高挑有气质。,显高挑,0
即使是微胖的妹子也能轻松驾驭。,微胖妹子也能驾驭,0
这样的设计不仅让整件衣服看起来不那么单调,不单调,0
而且裤脚还做了收口的设计,裤脚收口设计,0
能把腿上的赘肉全部隐藏起来啦,裤脚收口设计,1
这样的设计可以将你的颈部线条衬托得更加的修长一些。,衬托颈部线条,0
版型也是稍微有点宽松但是不是特别挑人那种可以看你自己腿型的小缺点啊,版型宽松,0
打破了纯色的单调和沉闷,打破单调,0
胸前的印花是一大亮点,打破单调,1
打破了纯色的单调和沉闷,打破沉闷,0
胸前的印花是一大亮点,打破沉闷,1
用了刺绣的工艺进行装饰,刺绣工艺,0
精美的绣花宛如一朵盛开的花朵一般,刺绣工艺,1
轻松隐藏腿部的小缺陷,隐藏腿部小缺陷,0
让双腿看起来笔直又修长。,隐藏腿部小缺陷,1
这样的设计既不会让你觉得有束缚感又不会显得太过于臃肿呢?,不束缚,0
这款衣服最大的亮点就是袖子上的小开叉设计啦,不束缚,1
这样的设计既不会让你觉得有束缚感又不会显得太过于臃肿呢?,不臃肿,0
这款衣服最大的亮点就是袖子上的小开叉设计啦,不臃肿,1
能够展现凹凸有致的身材,展现身材,0
包臀裙的款式,展现身材,1
具有显瘦的作用。,展现身材,1
显得腿部修长又纤细!,显腿长,0
裙子的长度刚好到大腿中部,显腿长,1
而且裙身还以不规则的剪裁方式来修饰臀部和大腿的线条,不规则剪裁,0
而且裙身还以不规则的剪裁方式来修饰臀部和大腿的线条,修饰臀部线条,0
而且裙身还以不规则的剪裁方式来修饰臀部和大腿的线条,修饰大腿线条,0
可以遮住腿上的肉肉,遮肉,0
裙子的长度刚好到大腿中部,遮肉,1
让整条裙子看起来不那么单调,不单调,0
裙身采用碎花印花的设计,不单调,1
露出女性迷人的锁骨线条,露出锁骨线条,0
V领的领口设计,露出锁骨线条,1
上身非常显腰细腿长哦!,显腿长,0
高腰A字的裙型,显腿长,1
另外裙摆上的小开叉设计也让裙子穿起来不会像其他衣服一样有束缚感,不束缚,0
侧边加上了开叉的设计,开叉设计,0
行走的时候可减少腿部的束缚感,开叉设计,1
行走的时候可减少腿部的束缚感,减少腿部束缚感,0
侧边加上了开叉的设计,减少腿部束缚感,1
袖口和裙摆都做了风琴褶的设计,风琴褶设计,0
领口,风琴褶设计,1
裙身以精美的印花图案进行点缀,印花点缀,0
带来浓郁的民族风气息,印花点缀,1
还衬托出精致小巧的脸型。,衬托脸型,0
这条裤子采用九分裤的设计,九分裤设计,0
露出纤纤的脚踝,九分裤设计,1
显得腿部更加修长。,九分裤设计,1
显得腿部更加修长。,显腿长,0
这条裤子采用九分裤的设计,显腿长,1
露出纤纤的脚踝,显腿长,1
而且可以露出一点锁骨哦,露出锁骨,0
可以很好的修饰我们的臀部和大腿的线条哟,修饰臀部,0
再加上它纯色的色调以及精致的剪裁手法,修饰臀部,1
可以很好的修饰我们的臀部和大腿的线条哟,修饰大腿线条,0
再加上它纯色的色调以及精致的剪裁手法,修饰大腿线条,1
裙身精美的绣花,精美绣花,0
显得精致又吸睛。,精美绣花,1
用卡通的形式呈现在T恤上,卡通形式,0
设计师以“猪”为设计主题,卡通形式,1
有微微的弹力所以上身不会有紧绷的感觉。,不会紧绷,0
面料是棉与氨纶混纺的,不会紧绷,1
其次就是高腰的版型,高腰版型,0
能够拉长下半身的比例,高腰版型,1
轻松勾勒出窈窕的身材曲线,勾勒身材曲线,0
高腰收腰的版型,勾勒身材曲线,1
而其不规则的裙摆处理,不规则裙摆,0
更是在行走中摇曳着一股灵动之美。,不规则裙摆,1
能够在视觉上拉长你的腿部线条,拉长腿部线条,0
这条裤子采用束脚的设计,拉长腿部线条,1
修饰柔美的颈部线条。,修饰颈部线条,0
简约的圆领设计,修饰颈部线条,1
方便放些小东西,放小东西,0
裙摆的两侧还设计了两个大大的口袋,放小东西,1
修饰腰部和臀部的线条,修饰腰部线条,0
高腰A字版型,修饰腰部线条,1
展现凹凸有致的玲珑身材。,修饰腰部线条,1
修饰腰部和臀部的线条,修饰臀部线条,0
高腰A字版型,修饰臀部线条,1
展现凹凸有致的玲珑身材。,修饰臀部线条,1
还很好的打破了整体衣身的单调沉闷。,打破单调沉闷,0
能够遮住臀部和大腿上的赘肉。,遮住臀部赘肉,0
能够遮住臀部和大腿上的赘肉。,遮住大腿上的赘肉,0
采用中式旗袍的设计,中式旗袍设计,0
DA卢的鱼设计花色香云纱开襟连衣裙,中式旗袍设计,1
而裙摆则用网纱的面料来拼接,裙摆网纱,0
平纹缎面的面料,平纹缎面面料,0
自带一种高级的质感,平纹缎面面料,1
将女性的锁骨和颈部线条修饰得更加完美。,修饰锁骨线条,0
采用性感的V领设计,修饰锁骨线条,1
将女性的锁骨和颈部线条修饰得更加完美。,修饰颈部线条,0
采用性感的V领设计,修饰颈部线条,1
凸显纤细腰肢,",凸显腰肢",0
高腰收腰设计,",凸显腰肢",1
拉长下半身比例。,",凸显腰肢",1
打破裤身的单调,打破单调,0
背带设计,打破单调,1
让裙子更显俏皮减龄,打破单调,1
在灯光下bling,blingbling,0
bling的效果简直不要太美!,blingbling,1
裤子两侧做了一个大口袋的设计,大口袋设计,0
可以很好的遮住臀部和大腿上的肉肉,遮住臀部肉肉,0
上面还有着钉珠的点缀,遮住臀部肉肉,1
可以很好的遮住臀部和大腿上的肉肉,遮住大腿上的肉肉,0
上面还有着钉珠的点缀,遮住大腿上的肉肉,1
上面还有着钉珠的点缀,钉珠点缀,0
可以很好的遮住臀部和大腿上的肉肉,钉珠点缀,1
它不仅能遮住腿部的缺陷,遮住腿部缺陷,0
阔腿裤是近几年来非常流行的一种裤型,遮住腿部缺陷,1
裤腿两侧做了两个大大的口袋来装手机,两侧口袋,0
钱包等小物品都不用怕啦,两侧口袋,1
而且裤子的侧面还加了两条拼条的设计,两侧口袋,1
裤腿两侧做了两个大大的口袋来装手机,拼条设计,0
钱包等小物品都不用怕啦,拼条设计,1
而且裤子的侧面还加了两条拼条的设计,拼条设计,1
这款连衣裙的袖子是鱼尾的设计,鱼尾设计,0
遮住了腿部的不完美,遮住腿部的不完美,0
宽松的阔腿设计,遮住腿部的不完美,1
显得腿又长又直,遮住腿部的不完美,1
这样可以遮住腿部的赘肉和不完美的腿型,遮住不完美的腿型,0
显得腿细又长。,遮住不完美的腿型,1
这款裙子采用无袖的设计,无袖设计,0
露出了纤细的双臂,无袖设计,1
露出了纤细的双臂,",露出纤细双臂",0
这款裙子采用无袖的设计,",露出纤细双臂",1
修身的版型剪裁,修身版型,0
轻松勾勒出玲珑有致的身材曲线,修身版型,1
轻松勾勒出玲珑有致的身材曲线,勾勒身材曲线,0
修身的版型剪裁,勾勒身材曲线,1
还很好的打破了整体衣身的单调性和沉闷感。,打破单调性,0
还很好的打破了整体衣身的单调性和沉闷感。,打破沉闷感,0
露出了纤细的脚踝,露出纤细脚踝,0
这款裤子采用了九分裤的裤长设计,露出纤细脚踝,1
它的领口是连帽的设计,连帽设计,0
这样的设计可以增加裙子的层次感,连帽设计,1
这样的设计可以增加裙子的层次感,增加层次感,0
它的领口是连帽的设计,增加层次感,1
大翻领的设计,大翻领设计,0
衬托出精致小巧的脸型。,大翻领设计,1
衬托出精致小巧的脸型。,衬托脸型,0
大翻领的设计,衬托脸型,1
打造出黄金比例身材。,打造黄金比例身材,0
在视觉上拉长了腿部线条,打造黄金比例身材,1
手感上比较顺滑而且透气性也超级的好。,手感顺滑,0
手感上比较顺滑而且透气性也超级的好。,透气性好,0
上身轻松打造出纤细曼妙的好身姿,打造好身姿,0
这个夏季你就是人群中的焦点!,打造好身姿,1
能够修饰脖子的线条并且显得脸型更小哦!,修饰脖子线条,0
让衬衫看起来不那么单调,不单调,0
袖口的抽褶设计,不单调,1
很好的固定住了腰身,固定腰身,0
加上裙身的腰部系带点缀,固定腰身,1
领口和袖口以及下摆都采用了镂空的设计,镂空设计,0
在若隐若现中露出女性白皙细腻的肌肤,露出白皙细腻的肌肤,0
不会感觉到任何的束缚感哦!,不会感觉到束缚感,0
腰间还加上了收束的处理,收束处理,0
凸显纤细的腰肢线条。,收束处理,1
凸显纤细的腰肢线条。,凸显腰肢线条,0
腰间还加上了收束的处理,凸显腰肢线条,1
它既不像短裤那样闷热,不闷热,0
中裤是夏季必备的单品之一,不闷热,1
修饰柔美的脖颈线条,修饰脖颈线条,0
如凝脂般温润的一款上衣,修饰脖颈线条,1
简约圆领设计,修饰脖颈线条,1
精致的木耳花边设计,不单调,0
让整件上衣都显得不那么单调了!,不单调,1
腰部做了收腰的处理,收腰处理,0
将腰线拉高了好几个度,收腰处理,1
显得腰细腿长!,收腰处理,1
打破了纯色的单调感,打破单调感,0
胸前做了星座印花的设计,打破单调感,1
反而多了一些层次感和设计感。,不单调,0
让整件衣服看起来不那么单调,不单调,1
而且它衣身的宽松直筒版型剪裁设计还能够完美的遮住身上多余的小肉肉,遮住多余肉肉,0
能够体现娴静的气质。,娴静气质,0
上身穿着毫无束缚之感。,毫无束缚感,0
这款短袖T恤采用坑条针织设计,毫无束缚感,1
则拼接了撞色的螺纹,拼接撞色螺纹,0
而在领口的位置,拼接撞色螺纹,1
而且花式的下摆也是一大亮点,不单调,0
让整件衣服看起来就不那么单调了,不单调,1
巧妙的遮挡住了大腿上多余的小肉肉,遮挡大腿上小肉肉,0
再加上直筒的版型设计,遮挡大腿上小肉肉,1
露出肩部和锁骨的骨感美。,露出肩部骨感美,0
裤子的前面还有两个大口袋的设计,大口袋设计,0
既方便实用又非常的时髦哦!,大口袋设计,1
修饰肩部的线条,修饰肩部线条,0
插肩袖的设计,修饰肩部线条,1
让手臂看起来更加纤细。,修饰肩部线条,1
不舒服哦,不紧绷,0
而且这种设计也让裤子穿起来不会像普通牛仔裤那样紧绷,不紧绷,1
还是有着宽松的版型,宽松版型,0
会是很是百搭的选择,宽松版型,1
把腿部修饰得更加纤细笔直,修饰得腿部更加纤细笔直,0
高腰的版型加上阔腿的裤型,修饰得腿部更加纤细笔直,1
再加上腰部的抽绳系带设计,不单调,0
让整条裙子看起来不那么单调。,不单调,1
袖口和衣摆都采用了荷叶边的设计来修饰腰部的线条,荷叶边设计,0
领口,荷叶边设计,1
采用睡袍披风的设计,睡袍披风设计,0
将女性的慵懒与性感完美的结合在了一起。,睡袍披风设计,1
这款连衣裙的设计亮点之一是在其版型的设计上,版型设计,0
让整条裙子看起来不那么单调与沉闷,不单调沉闷,0
反而多了几分甜美的味道,不单调沉闷,1
裤脚则选择了卷边的样式,裤脚卷边样式,0
凸显细节之美。,裤脚卷边样式,1
显得手臂纤细又修长,显手细,0
袖子是喇叭袖的设计,显手细,1
秀出优美的锁骨和脖颈线条,秀出优美锁骨,0
尽显性感优雅的女性魅力。,秀出优美锁骨,1
秀出优美的锁骨和脖颈线条,秀出脖颈线条,0
尽显性感优雅的女性魅力。,秀出脖颈线条,1
视觉上拉长了身体比例,拉长身高比例,0
这款连衣裙采用了经典的竖条纹理,拉长身高比例,1
腰部做了收腰的处理,收腰处理,0
这样会显得腰身更加纤细,收腰处理,1
这样会显得腰身更加纤细,显腰身纤细,0
腰部做了收腰的处理,显腰身纤细,1
这样就不会显得太单调了。,不单调,0
显得不那么单调。,不单调,0
荷叶边的袖子设计,不单调,1
为裙子增添了层次感,不单调,1
能够拉长你的腿部比例,拉长腿部比例,0
这款裤子采用高腰腰型的设计,拉长腿部比例,1
裙摆的百褶设计,不单调,0
让整条裙子看起来不那么单调和沉闷,不单调,1
衬衫的领部采用了撞色的拼接,撞色拼接,0
打破沉闷的感觉,撞色拼接,1
并不会显得庸俗。,撞色拼接,1
展现颈部的柔美曲线,展现颈部柔美曲线,0
经典圆领设计,展现颈部柔美曲线,1
修饰颈脖和脸型,展现颈部柔美曲线,1
还使裙子看起来不那么单调,不单调,0
不仅巧妙的勾勒出了纤细的腰部曲线,不单调,1
腰部做了收腰的处理,收腰处理,0
将腰线拉高了好几个度,收腰处理,1
很好的遮住了腿上的赘肉和不完美的腿型,遮肉,0
宽松的阔腿裤设计,遮肉,1
显得腿部修长又纤细。,显得腿部纤细,0
后短的下摆露出一截纤细的小腿及脚踝,显得腿部纤细,1
修饰颈脖和脸型,修饰脸型,0
这款连衣裙采用V领设计,修饰脸型,1
展现迷人锁骨。,修饰脸型,1
而竖条纹的元素则在视觉上拉长了腿部的比例,拉长腿部比例,0
让你秒变长腿女神!,拉长腿部比例,1
无袖的设计,无袖设计,0
让手臂的线条更加纤细迷人。,无袖设计,1
让手臂的线条更加纤细迷人。,手臂线条纤细迷人,0
无袖的设计,手臂线条纤细迷人,1
袖身和腰部都做了褶皱的处理,褶皱处理,0
让整条裤子看起来不那么单调,褶皱处理,1
让整条裤子看起来不那么单调,不单调,0
袖身和腰部都做了褶皱的处理,不单调,1
裙摆是不规则的设计,不规则设计,0
走动间摇曳着浪漫与灵动,不规则设计,1
加上了破洞的元素,破洞元素,0
具有时尚洋气的效果。,破洞元素,1
轻松打造出纤细迷人的小蛮腰,打造小蛮腰,0
带来强烈的视觉效果,视觉效果强烈,0
经典的黑白撞色设计,视觉效果强烈,1
反而多了一些俏皮可爱的感觉。,不单调,0
让整件衬衫看起来不那么单调,不单调,1
很好的遮住了手臂上的小拜拜肉,遮住拜拜肉,0
腰间有系带可以系成一个蝴蝶结,遮住拜拜肉,1
露出精致的锁骨和优美的天鹅颈,露出锁骨,0
显得性感而迷人。,露出锁骨,1
露出精致的锁骨和优美的天鹅颈,露出天鹅颈,0
显得性感而迷人。,露出天鹅颈,1
它不仅能遮住肚子上的小肉肉,遮住肚子肉肉,0
连衣裙是微胖MM们的福音,遮住肚子肉肉,1
很是有华丽的感觉,开叉处理,0
袖口的位置还是做了开叉的处理,开叉处理,1
让你的气质更加出众!,气质出众,0
微胖MM也能轻松驾驭哦!,微胖MM也能驾驭,0
宽松的版型对身材的要求不高,微胖MM也能驾驭,1
下摆和袖口都有刺绣花边的点缀,刺绣花边点缀,0
显得甜美又可爱!,刺绣花边点缀,1
显得甜美又可爱!,甜美可爱,0
下摆和袖口都有刺绣花边的点缀,甜美可爱,1
收腰的版型加上A字的裙摆,收腰版型,0
把女性曼妙的身材表现得更完美!,收腰版型,1
收腰的版型加上A字的裙摆,A字裙摆,0
把女性曼妙的身材表现得更完美!,A字裙摆,1
把女性曼妙的身材表现得更完美!,表现曼妙身材,0
收腰的版型加上A字的裙摆,表现曼妙身材,1
选用了优质的苎麻材质,优质苎麻材质,0
给予你一个舒适的穿着体验。,优质苎麻材质,1
给予你一个舒适的穿着体验。,舒适穿着体验,0
选用了优质的苎麻材质,舒适穿着体验,1
展露迷人的锁骨线条和白皙的皮肤,展露锁骨线条,0
采用吊带露背的设计,展露锁骨线条,1
展露迷人的锁骨线条和白皙的皮肤,展露白皙皮肤,0
采用吊带露背的设计,展露白皙皮肤,1
领口和袖口都做了小花边的处理,小花边处理,0
让整件衣服看起来不那么单调!,小花边处理,1
让整件衣服看起来不那么单调!,不单调,0
领口和袖口都做了小花边的处理,不单调,1
bling,blingblig,0
bling的质感让人移不开眼。,blingblig,1
对各种身材都很友好,各种身材友好,0
对身材包容性很好,各种身材友好,1
上身轻松显瘦。,各种身材友好,1
轻松遮掩住手臂上的肉肉,遮肉,0
而宽松的蝙蝠袖剪裁,遮肉,1
这样可以在视觉上拉长你的身高比例,拉长身高比例,0
采用了前短后长的设计,拉长身高比例,1
同时也拉长了下半身的视觉比例。,拉长下半身比例,0
反而多了一些时尚的感觉。,不单调,0
让整件裙子看起来不那么单调,不单调,1
显得腿又长又不会压个子哦!,腿长,0
方便放些随身的小东西哦!,随身小东西,0
让整件T恤看起来不那么单调了!,不单调,0
与衣身形成鲜明的对比,不单调,0
让整件衬衫看起来不那么单调。,不单调,1
适合于各种不同的体型。,适合不同体型,0
袖子上做了一个大大的灯笼设计,灯笼袖设计,0
显得手臂纤细又修长哦,灯笼袖设计,1
采用了包臀的设计,包臀设计,0
或者不挂的这一款灰色V领褶皱性感吊带裙,包臀设计,1
小个子MM也能穿出一米八的气场来,气场一米八,0
不管是单穿还是作为内搭都是很不错的选择,百搭,0
可以遮住腿上的肉肉和不完美的腿型哦,遮肉,0
而且这个长度还蛮适合小个子女生们穿了,遮肉,1
可以遮住腿上的肉肉和不完美的腿型哦,修饰腿型,0
而且这个长度还蛮适合小个子女生们穿了,修饰腿型,1
让双腿看起来纤细又长。,让双腿看起来纤长,0
裤脚毛边的设计,裤脚毛边设计,0
让整条裤子看起来不那么单调,裤脚毛边设计,1
裤脚毛边的设计,不单调,0
让整条裤子看起来不那么单调,不单调,1
打破了纯色的单调与沉闷,打破单调沉闷,0
裤身上的捏皱设计,打破单调沉闷,1
裤脚开叉的设计,裤脚开叉设计,0
让整条裤子看起来不那么单调,裤脚开叉设计,1
裤脚开叉的设计,不单调,0
让整条裤子看起来不那么单调,不单调,1
泡泡袖的设计,泡泡袖设计,0
将手臂上的肉肉都隐藏了起来。,泡泡袖设计,1
泡泡袖的设计,藏肉,0
将手臂上的肉肉都隐藏了起来。,藏肉,1
丰富整体造型,丰富造型,0
单侧字母标语印花设计,丰富造型,1
彰显个性时尚。,丰富造型,1
穿着比较舒适,穿着舒适,0
休闲裤的腰口采用了松紧腰的设计,穿着舒适,1
这条裤子采用松紧腰分设计,松紧腰设计,0
穿着舒适,松紧腰设计,1
穿脱方便。,松紧腰设计,1
袖口选择了荷叶边的元素来进行点缀和处理,荷叶边元素,0
让整款衣服看起来不那么单调,荷叶边元素,1
沉闷了一些,荷叶边元素,1
沉闷了一些,不单调,0
袖口选择了荷叶边的元素来进行点缀和处理,不单调,1
让整款衣服看起来不那么单调,不单调,1
则可以勾勒出你纤细的腰肢线条,勾勒纤细腰线,0
而收腰版型的设计,勾勒纤细腰线,1
这件衬衫采用了经典的翻领设计,经典翻领设计,0
而裙摆的设计也是一大亮点,裙摆设计亮点,0
一方面可以修饰臀部和大腿的线条,裙摆设计亮点,1
一方面可以修饰臀部和大腿的线条,修饰线条,0
而裙摆的设计也是一大亮点,修饰线条,1
纯色的设计,纯色设计,0
简约大气,纯色设计,1
展露多变的穿搭风格。,纯色设计,1
打破裤身的单调,打破单调,0
口袋设计,打破单调,1
上身更显美观大方。,打破单调,1
胸前点缀有带胸垫的小心机设计是这款背心的一大亮点所在!,胸垫点缀,0
让身材显得更加苗条。,显得身材苗条,0
这款无袖的上衣,无袖上衣,0
采用肉色的面料设计而成。,无袖上衣,1
采用肉色的面料设计而成。,肉色面料,0
这款无袖的上衣,肉色面料,1
衣袖则使用了肩章的元素,肩章元素,0
可以遮掩起手臂上的肉肉。,肩章元素,1
可以遮掩起手臂上的肉肉。,遮手臂肉,0
衣袖则使用了肩章的元素,遮手臂肉,1
遮住肚子上的小赘肉的同时又能显得腿很长哦!,显腿长,0
圆领的领口与宽松的版型相结合,宽松版型,0
对身材有着很好的包容性。,宽松版型,1
对身材有着很好的包容性。,包容性好,0
圆领的领口与宽松的版型相结合,包容性好,1
版型上也是比较宽松的,宽松版型,0
对身材的要求不高,宽松版型,1
对身材的要求不高,不挑身材,0
版型上也是比较宽松的,不挑身材,1
胸前的印花图案是一大亮点,胸前印花,0
为衣服整体增加了时尚感和设计感,胸前印花,1
这款连衣裙采用了背心裙的款式,背心裙款式,0
无袖的设计,背心裙款式,1
无袖的设计,无袖设计,0
这款连衣裙采用了背心裙的款式,无袖设计,1
领口和袖口都做了钉珠的设计,钉珠设计,0
非常仙的一款连衣裙,钉珠设计,1
这款连衣裙采用真丝香云纱面料,真丝面料,0
柔软舒适,真丝面料,1
亲肤透气。,真丝面料,1
这款上衣还特意做了一个小v字的造型来修饰你颈部的曲线哟,小v字造型,0
这款上衣还特意做了一个小v字的造型来修饰你颈部的曲线哟,修饰颈部曲线,0
裙子的侧边还有着开叉的设计,侧边开衩设计,0
另一面则有一排小扣子装饰,不单调,0
让衣服看起来不那么单调。,不单调,1
而无袖的设计更是将手臂的线条修饰的更加纤细,无袖设计,0
而无袖的设计更是将手臂的线条修饰的更加纤细,修饰手臂线条,0
裙子的长度刚好盖住臀部以下的小肉肉,遮肉,0
大V领的设计,大V领设计,0
露出精致的锁骨和优美的颈部曲线,大V领设计,1
性感而迷人。,大V领设计,1
还有宽松的版型,宽松版型,0
包容性好,宽松版型,1
上身舒适又显瘦。,宽松版型,1
而且这种设计也让裙子看起来不那么单调,不单调,0
蛋糕裙摆的设计,不单调,0
让整条裙子看起来不那么单调和沉闷。,不单调,1
领口是V领的款式,V领款式,0
可以露出你纤细的锁骨和修长的颈部线条哦!,V领款式,1
可以露出你纤细的锁骨和修长的颈部线条哦!,露出纤细锁骨,0
领口是V领的款式,露出纤细锁骨,1
衣身的枪驳领和袖口都做了撞色的设计,撞色设计,0
这款裤子采用了八分的裤长设计,八分裤长设计,0
露出了纤细的脚踝,八分裤长设计,1
露出了纤细的脚踝,露出纤细脚踝,0
这款裤子采用了八分的裤长设计,露出纤细脚踝,1
变形。,不易皱,0
上身特别舒服,不易皱,1
不会像普通伞裙那样容易皱,不易皱,1
变形。,不变形,0
上身特别舒服,不变形,1
不会像普通伞裙那样容易皱,不变形,1
再加上五分袖口的设计,五分袖口设计,0
让手臂线条看起来纤细又修长,五分袖口设计,1
宽松的版型设计,宽松版型设计,0
舒适随性,宽松版型设计,1
遮肉显瘦。,宽松版型设计,1
小V领可以露出好看的锁骨和脖子,露出好看的脖子,0
它最大的亮点就是领口的设计,露出好看的脖子,1
修身的版型设计,修身版型设计,0
能够完美的勾勒出你的身材,修身版型设计,1
能够完美的勾勒出你的身材,完美勾勒身材,0
修身的版型设计,完美勾勒身材,1
袖口的荷叶边是整件衬衫的一大亮点,袖口荷叶边,0
腰部做了系带的装饰,腰部系带装饰,0
可以系成蝴蝶结的样式,腰部系带装饰,1
显得甜美又减龄。,腰部系带装饰,1
显得甜美又减龄。,甜美减龄,0
腰部做了系带的装饰,甜美减龄,1
可以系成蝴蝶结的样式,甜美减龄,1
裙子的腰身则使用了收褶的处理,收褶处理,0
顺利地显露出纤细的腰肢线条。,收褶处理,1
顺利地显露出纤细的腰肢线条。,显露纤细腰肢线条,0
裙子的腰身则使用了收褶的处理,显露纤细腰肢线条,1
这款背心采用无袖的设计,无袖设计,0
露出香肩和锁骨,无袖设计,1
露出香肩和锁骨,露出锁骨,0
这款背心采用无袖的设计,露出锁骨,1
这样就不会显得太单调了吧?,不单调,0
轻松掩盖住腿部的不足之处,轻松掩盖不足之处,0
修身版型的设计,轻松掩盖不足之处,1
微喇的裤型设计,轻松掩盖不足之处,1
微喇的裤型设计,微喇裤型,0
修身版型的设计,微喇裤型,1
轻松掩盖住腿部的不足之处,微喇裤型,1
轻松勾勒出玲珑有致的身姿曲线,勾勒身姿曲线,0
修身的A字版型设计,勾勒身姿曲线,1
斜插口袋的设计,斜插口袋设计,0
兼具实用性和美观性。,斜插口袋设计,1
采用褶皱的设计,褶皱设计,0
新款三宅大码无袖T恤,褶皱设计,1
泡泡袖是今年非常流行的元素之一,流行元素,0
让裙身看起来不那么单调,不单调,0
裙摆做了褶皱肌理的设计,不单调,1
上面还有着抽褶的设计,抽褶设计,0
就是很好的修饰我们的身材。,抽褶设计,1
就是很好的修饰我们的身材。,很好的修饰身材,0
上面还有着抽褶的设计,很好的修饰身材,1
同时方便放些小东西。,方便放小东西,0
衬托出纤细修长的颈部线条,衬托纤细修长的颈部线条,0
显得精气神十足。,衬托纤细修长的颈部线条,1
直筒的版型设计,直筒版型,0
遮肉又显瘦,直筒版型,1
任何身材都可以轻松驾驭。,直筒版型,1
还能将锁骨的线条修饰得更加迷人呢!,修饰锁骨线条,0
而且V字领的设计,修饰锁骨线条,1
袖口和裙摆都做了撞色的设计,撞色设计,0
领口,撞色设计,1
能够遮挡住大腿上的赘肉与不完美的地方,遮赘肉,0
显得双腿更加修长笔直哦!,遮赘肉,1
显得双腿更加修长笔直哦!,显得双腿修长笔直,0
能够遮挡住大腿上的赘肉与不完美的地方,显得双腿修长笔直,1
让整件衣服看起来不那么的单调,不单调,0
领口的蝴蝶结系带设计,不单调,1
穿上它你就是人群中的焦点!,人群焦点,0
为衣服增添了满满的吸睛力,人群焦点,1
胸前做了一个大大的蝴蝶结做装饰,胸前蝴蝶结装饰,0
袖子上还做了一个镂空的小设计,镂空小设计,0
可以露出你手臂最纤细的部分。,镂空小设计,1
衣袖和下摆都加上了开叉的处理,开叉处理,0
袖子上还加了一根抽绳来调节袖口的松紧程度,松紧度,0
这样看起来就不那么单调了,不单调,0
对各种身材都很友好,各种身材友好,0
腰部是松紧的设计,各种身材友好,1
不用担心穿不上裤子啦,各种身材友好,1
很好的修饰颈部线条,修饰颈线,0
给人温婉大方的感觉。,修饰颈线,1
可以遮住肚子上的小肉肉哟,遮肉,0
穿上它去参加party再适合不过了,遮肉,1
可以遮住大腿上的赘肉,遮肉,0
而下装则采用了A字裙的设计,遮肉,1
Look,不单调,0
让整条裙子看起来不那么单调,不单调,1
太美了吗?,不单调,1
裙身的波点设计,不单调,0
让整件衣服看起来不那么单调。,不单调,1
打破了纯色的单调与沉闷,打破单调,0
胸前的字母印花是一大亮点,打破单调,1
打破了纯色的单调与沉闷,打破沉闷,0
胸前的字母印花是一大亮点,打破沉闷,1
穿上它去参加聚会,不单调,0
让整条裙子显得不那么单调,不单调,1
约会或者上班都是一个很好的选择哦,不单调,1
长且直。,遮肉,0
而下半身则采用了A字大摆的设计来遮住大腿上的赘肉与不完美腿型的同时显得腿更细,遮肉,1
长且直。,腿细,0
而下半身则采用了A字大摆的设计来遮住大腿上的赘肉与不完美腿型的同时显得腿更细,腿细,1
长且直。,腿长,0
而下半身则采用了A字大摆的设计来遮住大腿上的赘肉与不完美腿型的同时显得腿更细,腿长,1
长且直。,腿直,0
而下半身则采用了A字大摆的设计来遮住大腿上的赘肉与不完美腿型的同时显得腿更细,腿直,1
如果想把衣服穿得更好看的话还可以把它塞进裤子里或者裙子里面当个“小心机”来遮住肚子上的小肉肉,遮肉,0
这样的设计可以遮住身上的赘肉,遮肉,0
让身材看起来更为纤细和苗条,遮肉,1
春秋可做空调衫,名族风,0
民族风的真丝披肩外套,名族风,1
男友衣柜必备。,名族风,1
能把手臂上多余的肉肉藏起来,藏肉,0
结合落肩袖的设计,藏肉,1
让整件衣服看起来不那么单调。,不单调,0
领口和袖口都做了花边的修饰,不单调,1
采用了蝙蝠袖的款式,不单调,0
这样的设计使得整件衣服看起来不那么单调,不单调,1
不仅打破了纯色着装带来的单调性,打破单调,0
还彰显出几分轻奢华丽的气息。,打破单调,1
宽松的版型可以遮住你腿部上的赘肉,遮肉,0
让你的腿看起来更长更瘦!,遮肉,1
让你的腿看起来更长更瘦!,腿长,0
宽松的版型可以遮住你腿部上的赘肉,腿长,1
让你的腿看起来更长更瘦!,腿瘦,0
宽松的版型可以遮住你腿部上的赘肉,腿瘦,1
反而多了一些趣味和个性,不单调,0
让整件裙子看起来不那么单调,不单调,1
凸显锁骨与颈部的优美线条,凸显颈线,0
经典圆领设计,凸显颈线,1
而且这样的设计也让裙子看起来不那么单调。,不单调,0
领口的木耳花边设计,木耳边,0
让整件衣服看起来不那么单调,木耳边,1
领口的木耳花边设计,不单调,0
让整件衣服看起来不那么单调,不单调,1
修饰纤细的手臂。,修饰手臂,0
中袖的设计,修饰手臂,1
V领和泡泡袖的设计让整件裙子看起来不那么单调,不单调,0
而且穿脱的时候也非常方便。,穿脱方便,0
让裤子穿起来不会像其他款式一样有束缚感,穿脱方便,1
沉闷,不单调,0
让T恤看起来不那么单调,不单调,1
沉闷,不沉闷,0
让T恤看起来不那么单调,不沉闷,1
这样的设计使得整件衣服看起来就非常的具有设计感和时尚感。,世纪感,0
它善于用精致的工艺来展现对高品质生活细节的高要求,精致工艺,0
既打破了纯色的单调又增添了些许俏皮的气息,打破单调,0
这款针织开衫,羊绒衫,0
采用高级的羊绒纱材质。,羊绒衫,1
这样一来可以在视觉上拉长下半身的比例,拉长比例,0
采用了前短后长的设计,拉长比例,1
下摆的不规则设计,不单调,0
给衣服增添了设计感的同时显得不那么单调!,不单调,1
袖口和领口的螺纹针织收口,罗纹,0
还有就是衣服下摆也加了一圈荷叶边的小花边,荷边叶,0
看起来不那么单调。,不单调,0
穿脱也非常方便!,穿脱方便,0
可以遮住身上多余的肉肉,遮肉,0
宽松的衣身版型,遮肉,1
让你穿出苗条的身材,遮肉,1
穿上它你就是人群中最亮眼的那一个呢?,不单调,0
再加上印花的设计更是让整件衣服看起来不那么单调了,不单调,1
还可以把身上多余的小肉肉都藏起来哦,藏肉,0
加上修身的版型设计,藏肉,1
让整件衣服看起来不那么单调,不单调,0
袖口和裙摆都做了花边的设计,不单调,1
上身遮肉显瘦。,折辱,0
穿脱简单方便。,穿脱方便,0
宽松套头设计,穿脱方便,1
也不会过于单调。,不单调,0
搭配一粒扣的设计,不单调,1
既不会显得过于死板,不单调,1
衣服下摆是前短后长的设计,腿长,0
这样穿起来会显得腿很长呢,腿长,1
衬衫等其他单品来穿。,搭配穿,0
后背是V领的款式哦,搭配穿,1
可以单穿也可以搭配T恤,搭配穿,1
可以很好的遮住大腿上的小肉肉。,遮肉,0
让整件半袖看起来不那么单调了,不单调,0
而且这样的设计还蛮显瘦的,不单调,1
飘带的设计也是一大亮点,飘带设计,0
随意打个蝴蝶结就很有造型感了。,飘带设计,1
遮挡手臂肉肉。,遮肉,0
收褶泡泡袖型,遮肉,1
修饰手臂线条,遮肉,1
褶皱的设计让整件衣服看起来不那么单调,不单调,0
但是这款毛衫最大的亮点还是在于它的下摆和袖口都做了收口的处理,收口处理,0
下摆的开叉处理,下摆开叉处理,0
让整条裙子看起来不那么单调,下摆开叉处理,1
下摆的开叉处理,不单调,0
让整条裙子看起来不那么单调,不单调,1
这样的设计使得我们在穿着的时候可以很轻松的就把我们的颈部的曲线展现出来了。,展现颈部曲线,0
露出精致的锁骨和优美的颈部曲线。,露出精致锁骨,0
露出精致的锁骨和优美的颈部曲线。,露出颈部曲线,0
这款T恤最吸引人的地方就是撞色印花的设计,撞色印花设计,0
这样的设计不仅让裤子看起来不那么单调,不单调,0
同时在领口和裙摆处都采用了蕾丝的拼接设计,蕾丝拼接设计,0
沉闷了!,不单调,0
让纯色的衣服不再那么单调,不单调,1
凸显颈部优美线条,凸显颈部线条,0
展现女性优雅知性美。,凸显颈部线条,1
它不仅能遮住腿上的肉肉,遮肉,0
阔腿裤是今年的流行单品之一,遮肉,1
撞色的线条点缀,撞色线条,0
丰富了画面的层次感。,撞色线条,1
领口是小V领和大泡泡袖的设计,不单调,0
让整件上衣看起来不那么单调!,不单调,1
打破衣身单调性的同时尽显青春动感气息。,打破单调,0
这款裙子的下摆还做了精致的锁边处理,下摆锁边处理,0
此外,下摆锁边处理,1
使整体看起来不那么单调。,不单调,0
宽松的裤型设计,宽松裤型设计,0
加上九分的裤长,宽松裤型设计,1
可以装一些小东西或者放些随身的小物品,装小东西,0
实用性还是蛮高的～,装小东西,1
手感柔软顺滑,手感顺滑,0
这款牛仔裤采用天丝牛仔面料制作,手感顺滑,1
上身亲肤舒适。,手感顺滑,1
上身亲肤舒适。,上身舒适,0
这款牛仔裤采用天丝牛仔面料制作,上身舒适,1
手感柔软顺滑,上身舒适,1
腰部做了松紧加抽绳的设计,松紧抽绳设计,0
可以自己调节腰围大小,松紧抽绳设计,1
可以自己调节腰围大小,可调节腰围,0
腰部做了松紧加抽绳的设计,可调节腰围,1
这款外套精选优质的面料进行打造,精选优质面料,0
手感顺滑,精选优质面料,1
富有肌理,精选优质面料,1
裙摆的开叉造型,裙摆开叉造型,0
行走比较方便,裙摆开叉造型,1
不担心会出现走光的现象。,裙摆开叉造型,1
行走比较方便,行走方便,0
裙摆的开叉造型,行走方便,1
不担心会出现走光的现象。,行走方便,1
拉伸腿部的线条比例。,拉伸腿部线条,0
高腰的款式搭配,拉伸腿部线条,1
分割身材的黄金比例,拉伸腿部线条,1
显得自己格外的高挑有气质,显得高挑,0
而且也起到了很好的修饰作用。,显得高挑,1
领口采用V领与系带相结合的设计,系带设计,0
沉闷了起来,不单调,0
让整件衣服看起来不那么单调,不单调,1
百褶款式的阔腿裤不仅不会走光还可以遮住腿上的小肉肉,遮肉,0
能够拉长下半身的比例,拉长下半身比例,0
高腰的设计,拉长下半身比例,1
让你瞬间拥有一双大长腿。,拉长下半身比例,1
有一点小俏皮。,不单调,0
侧边撞色蕾丝设计,不单调,1
让整条裤子看起来不那么单调,不单调,1
无袖的设计,无袖设计,0
展现纤细的手臂线条。,无袖设计,1
展现纤细的手臂线条。,展现手臂线条,0
无袖的设计,展现手臂线条,1
裤腿的磨边设计,裤腿磨边设计,0
让整条裤子看起来不那么单调。,裤腿磨边设计,1
裤腿的磨边设计,不单调,0
让整条裤子看起来不那么单调。,不单调,1
而且腰部还做了一个抽绳的处理呢?,抽绳处理,0
不会有紧绷的感觉。,不紧绷,0
打破了纯色的单调与沉闷,打破沉闷,0
衣身的波点装饰,打破沉闷,1
让整件衣服看起来不那么单调,不单调,0
领口和袖口都做了木耳边的设计,不单调,1
而且它裙身的高腰A字版型设计还能够完美的拉长整体的身材比例,拉长整体身材比例,0
手感柔滑舒适。,手感舒适,0
茶歇条纹真丝连衣裙,手感舒适,1
采用真丝面料,手感舒适,1
露出了纤细的脚踝,露出纤细脚踝,0
这款裤子采用了九分裤的设计,露出纤细脚踝,1
可以遮住手臂上的肉肉,遮肉,0
袖子是灯笼袖设计,遮肉,1
更显手臂纤细。,遮肉,1
裙子的表面还加上了钉珠的元素,钉珠元素,0
焕发出亮眼的光泽感,钉珠元素,1
V字型的领口搭配盘扣的设计,盘扣设计,0
蕾丝的线条点缀,蕾丝点缀,0
丰富了画面的层次感,蕾丝点缀,1
流露出小性感的迷人气息。,蕾丝点缀,1
修饰精致脸型和脖颈线条,修饰脖颈线条,0
经典圆领设计,修饰脖颈线条,1
简约大方,修饰脖颈线条,1
它宽松的裤型设计,宽松裤型,0
这条工装裤是微胖妹子的福音,宽松裤型,1
细细的肩带修饰肩部和手臂的线条,修饰肩部线条,0
显得纤细又苗条。,修饰肩部线条,1
细细的肩带修饰肩部和手臂的线条,修饰手臂线条,0
显得纤细又苗条。,修饰手臂线条,1
很好的遮住了大腿上的肉肉,遮肉,0
微喇的A字裙设计,遮肉,1
满身的碎花设计,不单调,0
让整件衣服看起来不那么单调,不单调,1
而下摆则设计成了前短后长的不规则裁剪方式,下摆前短后长,0
沉闷,不单调,0
让整条裙子看起来不那么单调,不单调,1
沉闷,不沉闷,0
让整条裙子看起来不那么单调,不沉闷,1
胸前的两个口袋可以放些小东西或者放一些随身的小东西来凹造型呢,胸前两个口袋,0
下摆做了前短后长的设计很显腿长哟,胸前两个口袋,1
胸前的两个口袋可以放些小东西或者放一些随身的小东西来凹造型呢,可放随身小物,0
下摆做了前短后长的设计很显腿长哟,可放随身小物,1
下摆做了前短后长的设计很显腿长哟,下摆前短后长,0
胸前的两个口袋可以放些小东西或者放一些随身的小东西来凹造型呢,下摆前短后长,1
打破黑色衣身的单一与沉闷,打破沉闷,0
胸前个性字母和数字印花,打破沉闷,1
领口的蕾丝花边与袖口的镂空花边相互衬托,领口蕾丝花边,0
领口的蕾丝花边与袖口的镂空花边相互衬托,袖口镂空花边,0
显得腰细腿长!,显腰细,0
腰部做了收腰处理,显腰细,1
视觉上拉长下半身比例,显腰细,1
显得腰细腿长!,显腿长,0
腰部做了收腰处理,显腿长,1
视觉上拉长下半身比例,显腿长,1
同时在裤身上融入破洞,裤身融入破洞,0
毛边等元素,裤身融入破洞,1
腰部做了收腰的处理,收腰处理,0
将腰线拉高到最细的位置,收腰处理,1
修身的版型设计,修身版型设计,0
上身很显身材,修身版型设计,1
面料是有一点厚度的呢!,修身版型设计,1
面料是有一点厚度的呢!,面料有一点厚度,0
修身的版型设计,面料有一点厚度,1
上身很显身材,面料有一点厚度,1
同时在其袖子上还做了压褶的处理,压褶处理,0
斜肩的设计,斜肩设计,0
轻松的打造出了性感迷人的气质感。,斜肩设计,1
高腰束口的设计,高腰束口设计,0
种狠遮肉显腿直的色织格纹休闲裤,高腰束口设计,1
手感非常的柔软,手感非常柔软,0
细腻和舒适,手感非常柔软,1
而且这种面料还不容易起静电呢,手感非常柔软,1
所以不用担心穿久了会起球这个问题啦,手感非常柔软,1
细腻和舒适,不起球,0
手感非常的柔软,不起球,1
而且这种面料还不容易起静电呢,不起球,1
所以不用担心穿久了会起球这个问题啦,不起球,1
上身非常有型又不会有紧绷的感觉哦,不会紧绷,0
无论是单穿还是内搭都很好看的一件T恤,不会紧绷,1
下身的裤子是高腰的款式,高腰款式,0
能够拉长下半身的比例,高腰款式,1
能够拉长下半身的比例,拉长下半身比例,0
下身的裤子是高腰的款式,拉长下半身比例,1
一方面可以遮住手臂上的肉肉,遮住手臂肉,0
袖子的设计也是一大亮点,遮住手臂肉,1
在胸前印上彩色的笑脸图案,彩色笑脸图案,0
圆领T恤衫以纯色为底,彩色笑脸图案,1
这条裤子的设计亮点在于裤口的收口设计,裤口收口设计,0
搭配宽松的版型,宽松版型,0
轻松驾驭各种身形。,宽松版型,1
袖口选择了喇叭袖的设计,喇叭袖设计,0
彰显细节之美。,喇叭袖设计,1
让整条裙子看起来不那么单调!,不单调,0
而且丝绒的面料摸起来手感也好到没话说,丝绒面料,0
让裙子看起来更有层次和立体感了,丝绒面料,1
修饰了颈部的曲线,修饰颈部曲线,0
经典的衬衫领设计,修饰颈部曲线,1
显得修长又纤细。,修饰颈部曲线,1
领口和袖口都采用了荷叶边的设计,荷叶边设计,0
麦果生日派对晚礼服,荷叶边设计,1
在腰部做了一个花苞的设计,腰部花苞设计,0
这条藏蓝色的阔腿裤,腰部花苞设计,1
裙子上还设计了两个大大的口袋,大口袋设计,0
可以装一些小东西哦!,大口袋设计,1
可以装一些小东西哦!,可装小物,0
裙子上还设计了两个大大的口袋,可装小物,1
选择的是纯色的设计,纯色设计,0
这款就是一件防晒冰丝针织衫,纯色设计,1
单排扣的门襟,单排扣门襟,0
会是有着很好修饰脸型的效果,单排扣门襟,1
很是方便穿脱,单排扣门襟,1
让整条裙子看起来不那么单调。,不单调,0
结合宽松的版型,宽松版型,0
具有较强的包容性,宽松版型,1
单排多扣的门襟,单排多扣门襟,0
方便穿脱的同时,单排多扣门襟,1
因为是直筒的裤型所以不会很挑腿型的哦,直筒裤型,0
因为是直筒的裤型所以不会很挑腿型的哦,不挑腿型,0
可以装一些随身小物或者手机等小物品,可以装随身小物,0
采用高腰的版型设计,高腰版型设计,0
MO&CO.的这款微喇叭裤,高腰版型设计,1
衣身的挖空设计,衣身挖空设计,0
隐约露出肌肤,衣身挖空设计,1
增添性感的女人味,衣身挖空设计,1
腰部是松紧的设计,腰部松紧设计,0
可自行调节腰围大小,腰部松紧设计,1
这条裤子最大的亮点就是腰间的绑带设计,腰间绑带设计,0
可以挽起来穿,腰间绑带设计,1
这条连衣裙采用超长的裙型设计,超长裙型设计，遮肉,0
可以遮住大腿上的肉肉,超长裙型设计，遮肉,1
很好的提升了衣服的整体设计感,提升设计感,0
加上衣身的钉珠点缀设计,提升设计感,1
让这件衬衫的垂感和舒适度都得到了很好的提升。,垂感很好,0
让这件衬衫的垂感和舒适度都得到了很好的提升。,舒适度提升,0
露出优美的背部线条,露出背部线条,0
心机的露背设计,露出背部线条,1
性感又迷人。,露出背部线条,1
腰部松紧加抽绳的设计,松紧抽绳设计,0
可根据自身需求调节腰型,松紧抽绳设计,1
穿着舒适方便。,松紧抽绳设计,1
腰部松紧加抽绳的设计,可调节,0
可根据自身需求调节腰型,可调节,1
穿着舒适方便。,可调节,1
腰部做了收腰的处理,收腰处理,0
这样的设计让整条裤子看起来不那么单调,不单调,0
裤脚做了毛边的处理,毛边处理,0
显得随性又洒脱,毛边处理,1
让穿着不再有拘束感,不再拘束,0
宽松的版型搭配落肩袖的设计,不再拘束,1
很好的拉长了下半身比例,拉长下半身比例,0
高腰的A字版型,拉长下半身比例,1
下摆的设计是一大亮点,下摆设计,0
前长后短的裙摆在走动时随风飘动,下摆设计,1
采用了开叉的设计,开叉设计,0
这样的设计不仅让整条裙子看起来不那么单调,开叉设计,1
采用了开叉的设计,不单调,0
这样的设计不仅让整条裙子看起来不那么单调,不单调,1
宽松直筒的版型设计,直筒版型,0
轻而易举的就能聚焦众人视线的一款牛仔裤,直筒版型,1
宽松直筒的版型设计,宽松设计,0
轻而易举的就能聚焦众人视线的一款牛仔裤,宽松设计,1
手感柔滑舒适,手感舒适,0
这款衬衫采用缎面光泽面料,手感舒适,1
垂坠感好。,手感舒适,1
恰到好处的露出精致的锁骨和优美的脖颈线条,露出精致锁骨,0
性感的V领设计,露出精致锁骨,1
恰到好处的露出精致的锁骨和优美的脖颈线条,露出优美脖颈线条,0
性感的V领设计,露出优美脖颈线条,1
修饰脸型和颈部线条,修饰脸型线条,0
显得脸小又性感。,修饰脸型线条,1
修饰脸型和颈部线条,修饰颈部线条,0
显得脸小又性感。,修饰颈部线条,1
宽松直筒的版型设计,直筒版型,0
不挑身材不挑人,直筒版型,1
上身轻松遮肉又很显瘦哦!,直筒版型,1
腿又长?,腰细,0
但是不会像短袖那样容易把手臂上的肉肉都遮住了,腰细,1
下摆收起来会显得腰很细,腰细,1
腿又长?,腿长,0
但是不会像短袖那样容易把手臂上的肉肉都遮住了,腿长,1
下摆收起来会显得腰很细,腿长,1
而阔腿的裤型设计,阔腿裤型,0
腰间还加上了抽绳的设计,抽绳设计,0
可以自己调节腰围的大小,抽绳设计,1
袖口处加上了撞色的拼接,撞色拼接,0
打破沉闷的感觉,撞色拼接,1
并不会显得单调。,撞色拼接,1
打破沉闷的感觉,不单调,0
袖口处加上了撞色的拼接,不单调,1
并不会显得单调。,不单调,1
袖口以及裙摆都拼接了网纱,拼接网纱,0
领口,拼接网纱,1
而网纱的拼接则在无形之中增添了一种朦胧的美感,网纱拼接,0
而网纱的拼接则在无形之中增添了一种朦胧的美感,朦胧美,0
有一点儿小俏皮!,不单调,0
让整条裙子看起来不那么单调,不单调,1
穿脱的时候也会比较方便一些。,穿脱方便,0
胸前的弧形分割设计,胸前弧形分割设计,0
使背影看起来不那么单调,胸前弧形分割设计,1
反而更加有看点。,胸前弧形分割设计,1
使背影看起来不那么单调,不单调,0
胸前的弧形分割设计,不单调,1
反而更加有看点。,不单调,1
显得腿细又长。,显腿细,0
显得腿细又长。,显腿长,0
裙子的裙摆上还有百褶的元素进行点缀,百褶元素,0
这款连衣裙采用棉麻的面料,棉麻面料,0
轻薄透气,棉麻面料,1
穿着舒适。,棉麻面料,1
这款连衣裙采用了A字的裙型设计,A字裙型设计,0
这样的设计可以帮你遮住腿上的小肉肉哟,遮肉,0
这样的设计能够非常好的修饰我们的颈部和锁骨,修饰颈部,0
采用了V领的设计,修饰颈部,1
这样的设计能够非常好的修饰我们的颈部和锁骨,修饰锁骨,0
采用了V领的设计,修饰锁骨,1
这款上衣采用镂空透视的设计,镂空透视设计,0
朦胧中带有一丝性感的味道。,镂空透视设计,1
裙摆的不规则设计是整件裙子的亮点所在,裙摆不规则设计,0
让整条裤子看起来不那么单调和无趣,不单调,0
宽松的裤腿可以遮住腿上的肉肉,不单调,1
宽松的裤腿可以遮住腿上的肉肉,遮肉,0
让整条裤子看起来不那么单调和无趣,遮肉,1
采用飞飞袖的设计,飞飞袖设计,0
SE的这款连衣裙,飞飞袖设计,1
将手臂修饰得更加纤细。,飞飞袖设计,1
时尚印花的设计,不单调,0
让整条裙子看起来不那么单调,不单调,1
很好的修饰颈部线条,灵动美,0
给人清新甜美的感觉。,灵动美,1
更是将女性的肩颈线条修饰得更加柔美动人。,修饰肩颈线条,0
能从视觉上拉长你的腿部比例,拉长腿部比例,0
这款绑休闲裤采用高腰设计,拉长腿部比例,1
衣身的蕾丝设计,衣身蕾丝设计,0
打破了整体的单调性,打破单调性,0
袖口和领口都采用了撞色的设计,打破单调性,1
小翻领的设计,小翻领设计,0
衬托出精致的五官和精致的脸庞。,小翻领设计,1
衬托出精致的五官和精致的脸庞。,衬托精致五官,0
小翻领的设计,衬托精致五官,1
裙子的腰部采用了收腰的处理,腰部收腰处理,0
这样子就不用担心衣服会容易变形的问题啦!,不容易变形,0
腰部有系带设计,腰部系带设计,0
可以系上一个蝴蝶结,腰部系带设计,1
裤脚做了毛边的设计,毛边设计,0
而V领的剪裁,V领剪裁,0
勾勒出了修长的颈部以及脸部的轮廓。,V领剪裁,1
勾勒出了修长的颈部以及脸部的轮廓。,勾勒修长颈部,0
而V领的剪裁,勾勒修长颈部,1
而且简约的圆领设计,简约圆领设计,0
下摆两侧有隐形口袋的装饰,隐形口袋装饰,0
既美观大方又很实用哦,隐形口袋装饰,1
这条裤子采用松紧带的腰部设计,松紧带腰部设计,0
穿脱非常方便。,松紧带腰部设计,1
穿脱非常方便。,穿脱方便,0
这条裤子采用松紧带的腰部设计,穿脱方便,1
小飞象的烫钻图案搭配,小飞象烫钻图案,0
流露出俏皮时尚的质感,小飞象烫钻图案,1
立领和盘扣的设计,盘扣设计,0
尽显东方女性的含蓄之美。,盘扣设计,1
其次就是无袖的设计,无袖设计,0
露出了手臂的纤细与修长,无袖设计,1
腰部的收腰设计,拉长下半身的比例,0
凸显小蛮腰的同时拉长了下半身的比例,拉长下半身的比例,1
可以放一些小东西,可以放小东西,0
两侧有口袋,可以放小东西,1
粘腻的感觉,不闷热,0
让穿着不再有闷热,不闷热,1
粘腻的感觉,不粘腻,0
让穿着不再有闷热,不粘腻,1
而且这个口袋也是可以装得下手机,口袋可装随身小物,0
钱包等小物品的哦,口袋可装随身小物,1
这款裤子还有一个好处就是不用说它真的太好穿了,口袋可装随身小物,1
不规则的下摆剪裁凸现了女性的个性和时尚。,不规则下摆剪裁,0
不规则的下摆剪裁凸现了女性的个性和时尚。,凸现个性,0
展现婀娜迷人的身段。,展现迷人身段,0
修身收腰的版型,展现迷人身段,1
加上了圆领的设计,圆领设计,0
简洁大方,圆领设计,1
可轻松的优化颈部线条,圆领设计,1
这款连衣裙采用了中式的斜襟设计,中式斜襟设计,0
大V领露出了纤细的锁骨和优美的天鹅颈,深V系带,0
性感得让人移不开眼。,深V系带,1
长袖的设计,长袖设计,0
修饰手臂线条,长袖设计,1
更显手臂纤细。,长袖设计,1
衣服整体的版型是宽松的A字大摆的宽松设计可以遮住肚子上的小肉肉,遮肉,0
裙身下摆的褶皱自然垂下,下摆褶皱自然垂下,0
随风飘扬的裙摆随着步伐轻轻摇曳,下摆褶皱自然垂下,1
而且袖口也是有一点收紧的效果,袖口有一点收紧效果,0
可以打个结也可以系成蝴蝶结来做装饰呢,袖口有一点收紧效果,1
修饰不完美的腿型,修饰不完美腿型,0
显得腿细又直。,修饰不完美腿型,1
裤腿上还有两个大大的口袋,裤腿上有两个大口袋,0
裙摆的不规则拼接与裙身形成鲜明的对比,裙摆不规则拼接,0
腰间还加了一根腰带来系个蝴蝶结就更美了,腰间一根腰,0
对各种身材都有很好的包容性,腰间一根腰,1
不要太好看了,腰间一根腰,1
腰侧的绑带是这款半身裙的一大亮点,腰侧绑带,0
可以系成一个蝴蝶结,腰侧绑带,1
裤腿上的蕾丝设计,裤腿蕾丝设计,0
让整条裤子的档次上升了不止一个层次,裤腿蕾丝设计,1
高腰的版型则将腰线拉高,高腰版型,0
打造出大长腿的既视感,高腰版型,1
打造出大长腿的既视感,打造大长腿,0
高腰的版型则将腰线拉高,打造大长腿,1
让双腿看起来更加笔直修长,双腿看起来笔直修长,0
高腰的版型加上宽松的阔腿设计,高腰版型,0
让腿粗的妹子也能穿得上两米八,高腰版型,1
裙身的碎花设计是整件裙子的亮点所在,裙身碎花设计,0
下摆的褶皱设计是衣服的一大亮点,下摆褶皱设计,0
可以遮住肚子上的小肉肉,下摆褶皱设计,1
可以遮住肚子上的小肉肉,遮肉,0
下摆的褶皱设计是衣服的一大亮点,遮肉,1
轻松勾勒出修长笔直的双腿,轻松勾勒出修长笔直双腿,0
修身的铅笔裤型,轻松勾勒出修长笔直双腿,1
裤子的后面还有两个大大的口袋来装手机,裤子后面有两个大大的口袋,0
钥匙等小物品也不用太担心啦!,裤子后面有两个大大的口袋,1
有效的拉伸了身体的比例,拉伸比例,0
加上高腰的A字版型设计,拉伸比例,1
宽松的裙摆造型也可以带来不错的遮肉显瘦效果。,宽松裙摆造型,0
不会太长也不会太短或者太短而显得腿粗呢?,不显腿粗,0
而且这样的设计也让裙子穿起来不会像普通裙子那样有束缚感,没有束缚感,0
小V领可以露出好看的锁骨,显得骨感,0
袖口和裙摆的设计也是亮点之一哦,显得骨感,1
脖颈以及锁骨,显得骨感,1
抽褶绑带的设计,不单调,0
让整件衬衫看起来不那么单调和沉闷了,不单调,1
裙裤设计,方便,0
免去了穿短裤的不便和走光的烦恼,方便,1
免去了穿短裤的不便和走光的烦恼,防走光,0
裙裤设计,防走光,1
A字的版型可以遮住大腿上的肉肉,A字版型,0
显得腿又细又长。,A字版型,1
A字的版型可以遮住大腿上的肉肉,遮肉,0
显得腿又细又长。,遮肉,1
显得腿又细又长。,显腿细长,0
A字的版型可以遮住大腿上的肉肉,显腿细长,1
最后还有就是它的裙摆上设计了一小块大荷叶边的设计哦,裙摆大荷叶边设计,0
这样的设计真的是超级有仙气的一款连衣裙啊。,裙摆大荷叶边设计,1
能把腿上的肉肉都藏起来啦,开叉处理,0
而且裙摆还做了开叉的处理,开叉处理,1
修饰娇小的身材,修饰娇小身材,0
帅气男友风的半袖设计,修饰娇小身材,1
尽显迷人的身姿。,修饰娇小身材,1
下摆的开叉设计是这款衣服的最大亮点之一哦!,下摆开叉设计,0
不管是什么肤色的妹子都能hold得住的一款连衣裙哦,不挑肤色,0
可以遮住肚子上的赘肉和不完美的小肉肉哟,遮肉,0
而裙子上的印花也是一大亮点,印花是一大亮点,0
胸前和后背都有一个大大的口袋来装饰,口袋装饰,0
而且它裙身的高腰款式设计还能够完美的拉长整体的身材比例,拉长身材比例,0
露出精致的锁骨和优美的天鹅颈,露出锁骨,0
显得脖子更加修长。,露出锁骨,1
露出精致的锁骨和优美的天鹅颈,露出天鹅颈,0
显得脖子更加修长。,露出天鹅颈,1
显得脖子更加修长。,显得脖子修长,0
露出精致的锁骨和优美的天鹅颈,显得脖子修长,1
另外裙摆还做了开叉的处理,开叉处理,0
这样就不用担心走光的问题啦,开叉处理,1
可以遮住身上的赘肉和不完美的小肉肉。,遮住赘肉,0
宽松的版型设计,宽松版型,0
穿在身上既轻松自在又自由随性,宽松版型,1
可以遮住腿上的肉肉和不完美的腿型哦,遮住不完美的腿型,0
领口和袖口都做了刺绣的设计,刺绣设计,0
让整件衣服看起来不那么单调,刺绣设计,1
让整件衣服看起来不那么单调,不单调,0
领口和袖口都做了刺绣的设计,不单调,1
才能够将穿着者的气质提升到一个新的高度哦!,提升气质,0
而圆领的剪裁也可以勾勒出你优美的脖颈线条,圆领剪裁,0
而圆领的剪裁也可以勾勒出你优美的脖颈线条,勾勒脖颈线条,0
采用了风边的元素,风边元素,0
这款小衫的设计亮点之一是在其领口的设计上,风边元素,1
还很好的打破了整体裙身的单调性和沉闷感。,打破单调性,0
还很好的打破了整体裙身的单调性和沉闷感。,打破沉闷感,0
不显沉闷,不单调,0
为衣服增添色彩的同时显得不那么单调,不单调,1
不显沉闷,不沉闷,0
为衣服增添色彩的同时显得不那么单调,不沉闷,1
西装的做法,包边处理,0
就是在领口,包边处理,1
袖口以及下摆都做了包边的处理。,包边处理,1
显得不那么单调和沉闷,不单调,0
显得不那么单调和沉闷,不沉闷,0
显得双腿更加修长又纤细!,双腿修长,0
既不会显得过于单调又不至于显得太过于俗气,不单调,0
既不会显得过于单调又不至于显得太过于俗气,不俗气,0
露出漂亮的锁骨和香肩,露出锁骨和香肩,0
吊带的设计,露出锁骨和香肩,1
性感而迷人,露出锁骨和香肩,1
不仅能够完美的遮挡住手臂上的肉肉,遮肉,0
裤腿处还做了压褶的设计,压褶设计,0
让裤子看起来更有立体感和层次感。,压褶设计,1
袖子是七分袖的设计,七分袖设计,0
可以遮住手臂上的小肉肉,七分袖设计,1
可以遮住手臂上的小肉肉,遮肉,0
袖子是七分袖的设计,遮肉,1
展现修长的美腿。,展现美腿,0
很好的遮住腿上的肉肉,遮肉,0
阔腿裤型,遮肉,1
上身更显笔直双腿,遮肉,1
裤腿上还做了破洞的设计,破洞设计,0
很好的遮住肚子上的小肉肉,遮肉,0
高腰的A字版型,遮肉,1
显得腰细腿长。,遮肉,1
既修饰了脸型又拉长了颈部的曲线。,修饰脸型,0
既修饰了脸型又拉长了颈部的曲线。,拉长颈线,0
双排扣的设计让整件大衣看起来不那么单调,不单调,0
衣身的两侧做了一个口袋的装饰,口袋装饰,0
不仅起到了装饰的作用,口袋装饰,1
为身材带来更好的包裹性,包裹性好,0
小宽松的轮廓结合,包裹性好,1
沉闷了起来,不单调,0
使整件针织衫看起来不那么单调,不单调,1
还多了几分俏皮与可爱呢!,不单调,1
七分长度设计,七分裤,0
露出最纤细的脚踝部分,七分裤,1
显得腿部更加纤细迷人。,七分裤,1
方便放些随身的小件物品哦!,方便放随身的小件物品,0
裤身两侧还做了一个斜插口袋的设计,方便放随身的小件物品,1
这款连衣裙的大身和袖子都做了荷叶边的设计,荷叶边设计,0
它绝对可以满足你的所有需求呢?,满足所有需求,0
那么这条裙子一定能满足你,满足所有需求,1
所以不会像普通破洞牛仔裤那样有扎肉感,不会有扎肉感,0
是今年非常流行的元素之一,流行元素,0
裙身的波点设计,流行元素,1
这样穿起来会显得腿很长,显得腿长,0
而且可以遮住肚子上的小肉肉。,显得腿长,1
而且可以遮住肚子上的小肉肉。,遮肉,0
这样穿起来会显得腿很长,遮肉,1
而且这种款式的衣服穿在身上会显得人比较有精神,显得有精神,0
这款t恤有三种颜色可以选择,三色可选,0
可以遮住肚子上的小肉肉。,遮肉,0
裙子是A字版型设计,遮肉,1
白边的设计,不单调,0
让整条裤子看起来不那么单调,不单调,1
后背有大大的口袋来做装饰就更不用说了,口袋装饰,0
胸前的字母印花是一大亮点哦,口袋装饰,1
这个图案真的太好看了,口袋装饰,1
W啦,口袋装饰,1
这样的设计不仅让整条裤子看起来不那么单调,不单调,0
侧面的贴布设计,不单调,0
让裤子看起来不那么单调,不单调,1
这款连衣裙的设计亮点之一是在其领口的设计上,领口设计,0
看起来就不那么单调了。,不单调,0
在灯光下会泛着淡淡的光泽,不单调,1
反而有一丝小俏皮。,不单调,0
让整条裙子看起来不那么单调,不单调,1
不仅方便了日常的搭配,方便日常搭配,0
再加上它纯色的色调,方便日常搭配,1
袖口的设计也是一大亮点,袖口设计,0
一方面可以遮住手臂上的小肉肉,袖口设计,1
一方面可以遮住手臂上的小肉肉,遮肉,0
袖口的设计也是一大亮点,遮肉,1
后腰坑条的设计,坑条设计,0
这条杏色的半身裙,坑条设计,1
将女性曼妙的身材展现的更加完美,曼妙身材,0
修身的版型设计,曼妙身材,1
让整件西装外套看起来不那么单调!,不单调,0
能够遮挡住腿部的赘肉,遮肉,0
这款防晒衣采用了中长的款式,遮肉,1
遮住大腿上的肉肉,遮肉,0
A字裙摆设计,遮肉,1
显得腿部更加纤细迷人!,遮肉,1
裙长到大腿中部的长度恰到好处地遮住了腿部的小肉肉,遮肉,0
凸显颈部优美线条,凸显颈部线条,0
经典圆领设计,凸显颈部线条,1
展现女性温婉大方的气质。,凸显颈部线条,1
再加上它宽松的裁剪设计,宽松剪裁,0
还可以将身上多余的小肉肉隐藏起来,宽松剪裁,1
还可以将身上多余的小肉肉隐藏起来,藏肉,0
再加上它宽松的裁剪设计,藏肉,1
修饰颈部线条,修饰颈线,0
经典的衬衫翻领设计,修饰颈线,1
凸显优美的天鹅颈。,修饰颈线,1
裙摆上还做了一个不规则的拼接造型,不规则拼接造型,0
门襟处还加上了纽扣的元素,纽扣元素,0
穿脱的时候也是很便利的。,纽扣元素,1
穿脱的时候也是很便利的。,穿脱便利,0
门襟处还加上了纽扣的元素,穿脱便利,1
让整件上衣显得不那么单调和沉闷,不单调,0
让整件上衣显得不那么单调和沉闷,不沉闷,0
让你的双腿看上去更加的修长。,双腿修长,0
给人一种朦胧的美感,朦胧美,0
若隐若现的露出肌肤,朦胧美,1
充满了浪漫主义气息。,朦胧美,1
而且这种设计还能在视觉上拉长你的腿部线条哦!,拉长腿部线条,0
另一部分则会起到一个修饰的作用。,修饰作用,0
而且这种设计也使得整件毛衫看起来不那么单调,不单调,0
高腰的版型,高腰版型,0
非常实穿的一条裤子,高腰版型,1
视觉上拉长了下半身的比例。,高腰版型,1
视觉上拉长了下半身的比例。,拉长比例,0
非常实穿的一条裤子,拉长比例,1
高腰的版型,拉长比例,1
勾勒出女性曼妙的身材曲线,勾勒身材曲线,0
一步裙的设计,勾勒身材曲线,1
尽显女人味。,勾勒身材曲线,1
露出了纤细的脚踝,七分长度,0
这款牛仔裤采用了七分的长度设计,七分长度,1
露出了纤细的脚踝,露出脚踝,0
这款牛仔裤采用了七分的长度设计,露出脚踝,1
适合于各种不同的身材。,适合不同身材,0
宽松的版型,适合不同身材,1
带来遮肉显瘦的效果,适合不同身材,1
可自己调节腰围大小,可调节腰围,0
腰部松紧加抽绳设计,可调节腰围,1
还有修身的版型剪裁,修身版型,0
上身穿着不仅显瘦还非常的显腰身哦!,修身版型,1
沉闷了!,不单调,0
让整条裙子看起来不那么单调,不单调,1
沉闷了!,不沉闷,0
让整条裙子看起来不那么单调,不沉闷,1
鱼尾裙摆的设计,鱼尾裙摆设计,0
行走间摇曳生姿,鱼尾裙摆设计,1
整体版型属于比较宽松的那种,版型宽松,0
丰富了画面的层次感,丰富层次感,0
字母印花的元素点缀在衣身,丰富层次感,1
轻松凸显美妙身姿。,凸显身姿,0
The,侧边开叉,0
North,侧边开叉,1
Face这款印花不规则侧边叉半身裙,侧边开叉,1
裙摆拼接了透视的网纱,透视网纱,0
若隐若现地露出腿部肌肤和纤细的小腿,透视网纱,1
若隐若现地露出腿部肌肤和纤细的小腿,露出小腿,0
裙摆拼接了透视的网纱,露出小腿,1
让你瞬间成为人群中的焦点。,人群焦点,0
能够轻松的驾驭各种不同的穿搭风格。,驾驭不同穿衣风格,0
纯色的色调,驾驭不同穿衣风格,1
简约而大方,驾驭不同穿衣风格,1
而且它裙身的五分袖口剪裁设计还能够完美的遮掩住手臂上的小肉肉,遮肉,0
领口,不单调,0
袖口和衣摆都做了收口处理,不单调,1
让整件衣服看起来不那么单调。,不单调,1
免去了搭配的烦恼。,免去搭配烦恼,0
两件套的设计,免去搭配烦恼,1
在灯光下反射出金属般的光泽,金属光泽,0
亮皮设计,金属光泽,1
遮住了手臂上的肉肉,遮肉,0
伞形袖的设计,遮肉,1
显得手臂更加纤细。,遮肉,1
避免上身时出现变形或起球的尴尬状况,避免尴尬,0
立体的裁剪加上流畅的线条,立体剪裁,0
自然就把曼妙身姿很好的凸显出来,立体剪裁,1
采用双层的设计,双层设计,0
这款由安娜和设计师共同打造的吊带,双层设计,1
不仅打破了纯色的单调性,打破单调,0
还营造出了强烈的视觉对比效果,打破单调,1
不仅打破了纯色的单调性,对比强烈,0
还营造出了强烈的视觉对比效果,对比强烈,1
经典小V领和袖口的抽褶设计让整件衬衫看起来不那么单调!,不单调,0
穿上它你就是人群中最耀眼的那颗星呢?,最耀眼的星,0
可以遮住臀部和大腿上的肉肉哦,最耀眼的星,1
这款针织衫的设计亮点之一是在其肩头的设计上,肩头设计,0
再加上碎花的点缀设计,碎花点缀,0
又使得整件裙子看起来不那么单调,碎花点缀,1
再加上碎花的点缀设计,不单调,0
又使得整件裙子看起来不那么单调,不单调,1
让整件衣服看起来不那么单调!,不单调,0
宽松的版型,宽松版型,0
可以遮挡住身上的赘肉,宽松版型,1
让身材显得更加苗条。,宽松版型,1
宽松的版型,显苗条,0
可以遮挡住身上的赘肉,显苗条,1
让身材显得更加苗条。,显苗条,1
让整件衬衫显得不那么单调和沉闷。,不单调,0
让整件衬衫显得不那么单调和沉闷。,不沉闷,0
打破了纯色的单调与乏味,打破单调,0
给人眼前一亮的视觉效果,打破单调,1
对身材有着极好的包容性,包容性好,0
上身遮肉显瘦效果好。,包容性好,1
搭配服饰起来也是十分的轻松简单哦!,搭配简单,0
领口和袖口都做了木耳花边的点缀,木耳边,0
让这件衬衫更加甜美动人。,木耳边,1
也显得腿很长。,不单调,0
裤脚的收束设计,不单调,1
让裤子看起来不那么单调,不单调,1
也显得腿很长。,显腿长,0
裤脚的收束设计,显腿长,1
让裤子看起来不那么单调,显腿长,1
后背隐形拉链方便穿脱且不影响整体美观与大方感。,穿脱方便,0
裙子的表面加上了刺绣的元素,刺绣元素,0
看上去很有古典的韵味,刺绣元素,1
看上去很有古典的韵味,古典韵味,0
裙子的表面加上了刺绣的元素,古典韵味,1
这样的设计让整件衣服看起来不那么单调,不单调,0
高腰的版型,高腰版型,0
可以在视觉上拉长下半身比例,高腰版型,1
而不规则的下摆设计,不规则下摆,0
则打破了整体的单调感,不规则下摆,1
则打破了整体的单调感,打破单调,0
而不规则的下摆设计,打破单调,1
袖口和衣摆都拼接了一圈小花边,拼接小花边,0
领口,拼接小花边,1
打破裤身的单调沉闷,打破单调沉闷,0
侧边撞色条纹点缀,打破单调沉闷,1
带来丰富的视觉效果。,打破单调沉闷,1
带来丰富的视觉效果。,丰富视觉效果,0
侧边撞色条纹点缀,丰富视觉效果,1
打破裤身的单调沉闷,丰富视觉效果,1
而领口,不单调,0
让整条裙子看起来就不那么单调啦,不单调,1
袖口以及下摆都采用了精致的刺绣做装饰,不单调,1
袖口以及下摆都采用了精致的刺绣做装饰,刺绣装饰,0
让整条裙子看起来就不那么单调啦,刺绣装饰,1
而领口,刺绣装饰,1
袖子也是做了两穿的设计,两穿设计,0
能够很好的展现出女性曼妙的身姿。,展现曼妙身姿,0
拉长下半身比例,拉长比例,0
打造大长腿既视感。,拉长比例,1
修身的版型,修身版型,0
穿着比较舒适,修身版型,1
没有任何的紧绷感觉,修身版型,1
穿着比较舒适,穿着舒适,0
修身的版型,穿着舒适,1
没有任何的紧绷感觉,穿着舒适,1
领口,微收设计,0
袖口以及下摆都做了微收的设计,微收设计,1
打破了纯色的单调与沉闷。,打破单调,0
胸前的字母印花是这款卫衣的最大亮点,打破单调,1
打破了纯色的单调与沉闷。,打破沉闷,0
胸前的字母印花是这款卫衣的最大亮点,打破沉闷,1
高腰的版型能够拉长你的下半身比例,拉长比例,0
凸显完美身姿,凸显身姿,0
高腰收腰设计,凸显身姿,1
视觉上显高显瘦,凸显身姿,1
对身材有着极好的包容性,身材包容性好,0
搭配宽松的版型,身材包容性好,1
尽显慵懒随性的腔调。,身材包容性好,1
腰部有腰带的设计,腰带设计,0
可以系成一个蝴蝶结,腰带设计,1
起到收腰的效果哦!,腰带设计,1
采用了宽松的落肩大廓形,落肩廓形,0
这是一款基础风格的短袖T恤,落肩廓形,1
腰部做了收腰的处理,收腰处理,0
视觉上拉长了下半身的比例,收腰处理,1
视觉上拉长了下半身的比例,拉长下半身比例,0
腰部做了收腰的处理,拉长下半身比例,1
凸显锁骨和颈部的优美线条。,凸显线条,0
对身形有着良好的包容性,包容性好,0
不挑身形均可自由的驾驭。,包容性好,1
让整件衣服看起来不那么单调和沉闷!,不单调,0
让整件衣服看起来不那么单调和沉闷!,不沉闷,0
将女性的身材曲线勾勒得更加完美。,勾勒曲线,0
采用了修身包臀的版型设计,勾勒曲线,1
而且这种设计还可以很好的修饰我们的颈部以及锁骨,修饰颈部,0
而且这种设计还可以很好的修饰我们的颈部以及锁骨,修饰锁骨,0
显得脸小。,显脸小,0
圆领的领口设计,显脸小,1
能够修饰脸型,显脸小,1
这条裤子采用中腰的设计,中腰设计,0
在腰部做了收脚的处理,中腰设计,1
在腰部做了收脚的处理,收脚处理,0
这条裤子采用中腰的设计,收脚处理,1
面料是100%的桑蚕丝,100%桑蚕丝,0
手感柔滑舒适,100%桑蚕丝,1
有筋骨感。,100%桑蚕丝,1
同时腰间的系带也是可以自己调节的哦,系带可调节,0
露出一小截小腿最细的地方就不用多说啦,露出小腿最细的地方,0
让微胖的女生也能轻松驾驭。,微胖也能驾驭,0
修身的版型设计,修身版型,0
结合A字的裙摆,修身版型,1
衬托出高挑的身姿。,修身版型,1
结合A字的裙摆,A字裙摆,0
修身的版型设计,A字裙摆,1
衬托出高挑的身姿。,A字裙摆,1
衬托出高挑的身姿。,高挑身姿,0
修身的版型设计,高挑身姿,1
结合A字的裙摆,高挑身姿,1
而且这种设计还能把你的身材修饰得更加完美哦,修饰身材,0
方便放一些随身的小件物品,方便放小件物品,0
裤身两侧有口袋和后贴袋的设计,方便放小件物品,1
所以不用担心会有走光的尴尬情况出现呢?,不用担心走光,0
下摆的荷叶边是一大亮点,不单调,0
让这件抹胸看起来不那么单调和沉闷哦!,不单调,1
下摆的荷叶边是一大亮点,不沉闷,0
让这件抹胸看起来不那么单调和沉闷哦!,不沉闷,1
腰部做了松紧的处理,腰部松紧,0
上身之后不会有紧绷的感觉,腰部松紧,1
上身之后不会有紧绷的感觉,不紧绷,0
腰部做了松紧的处理,不紧绷,1
还很好的打破了整体裙身的单调性和乏味感。,打破单调,0
还很好的打破了整体裙身的单调性和乏味感。,打破乏味,0
视觉上拉长了下半身比例,拉长下半身比例,0
高腰的版型,拉长下半身比例,1
显得双腿更加修长笔直。,拉长下半身比例,1
显得双腿更加修长笔直。,双腿笔直修长,0
高腰的版型,双腿笔直修长,1
视觉上拉长了下半身比例,双腿笔直修长,1
带来朦胧的美感,朦胧美,0
这款连衣裙采用网纱的面料设计,朦胧美,1
bling,blingbling,0
bling的感觉简直不要太美!,blingbling,1
透气和垂感都特别好!,垂感好,0
这种料子比较轻薄,垂感好,1
A字的裙摆能遮住大腿上的小赘肉以及小腿上的肉哦!,遮肉,0
衣身采用镂空的裁剪设计,镂空裁剪设计,0
若隐若现的露出肌肤,镂空裁剪设计,1
性感而又迷人。,镂空裁剪设计,1
这条裙子是A字裙的版型,A字裙版型,0
可以遮住肚子上的肉肉,A字裙版型,1
可以遮住肚子上的肉肉,遮肉,0
这条裙子是A字裙的版型,遮肉,1
轻松勾勒出纤瘦的身材曲线,勾勒纤瘦身材曲线,0
这款半身裙采用高腰A字版型设计,勾勒纤瘦身材曲线,1
衣服的背后有大大的口袋,背后大口袋,0
可以装很多东西,背后大口袋,1
而且设计师们还在此基础上加入了一些时尚元素来进行设计,加入时尚元素,0
高腰的版型加上宽松的阔腿设计,高腰版型,0
不仅显瘦还显得腿很长呢,高腰版型,1
高腰的版型加上宽松的阔腿设计,宽松阔腿设计,0
不仅显瘦还显得腿很长呢,宽松阔腿设计,1
不仅显瘦还显得腿很长呢,显腿长,0
高腰的版型加上宽松的阔腿设计,显腿长,1
既彰显了品牌魅力又提升了品牌的辨识度,彰显品牌魅力,0
既彰显了品牌魅力又提升了品牌的辨识度,提升品牌辨识度,0
将迷人的锁骨线条完美勾勒出来。,完美勾勒迷人锁骨,0
而其性感的深V领裁剪,完美勾勒迷人锁骨,1
宽松的版型设计,宽松版型,0
遮肉显瘦,宽松版型,1
彰显都市女性的干练与优雅气质。,宽松版型,1
灯笼袖的设计,灯笼袖设计,0
可以遮挡手臂上多余的小肉肉哦!,灯笼袖设计,1
灯笼袖的设计,遮肉,0
可以遮挡手臂上多余的小肉肉哦!,遮肉,1
面料是100%的亚麻质地,100%亚麻质地,0
穿着舒适凉爽。,100%亚麻质地,1
袖口以及下摆的钉珠也是一大亮点,下摆钉珠,0
领口,下摆钉珠,1
这款连衣裙采用了V领的设计,V领设计,0
露出精致的锁骨,V领设计,1
修饰脸型。,V领设计,1
露出精致的锁骨,露出精致锁骨,0
这款连衣裙采用了V领的设计,露出精致锁骨,1
修饰脸型。,露出精致锁骨,1
袖口和领口都做了罗纹的处理,罗纹处理,0
袖子上的小开叉设计,不单调,0
让整件衣服看起来不那么单调,不单调,1
不规则的裙摆剪裁,不规则裙摆剪裁,0
行走间随着步伐的舞动而轻轻摇曳,不规则裙摆剪裁,1
袖口和裙摆都采用了撞色的设计,撞色设计,0
领口,撞色设计,1
裤子的两侧还有口袋的装饰,两侧口袋装饰,0
看起来也是时尚感十足的,两侧口袋装饰,1
暗色的底色上点缀着白色的小花朵,暗色底色,0
红色的小叶子以及精致的蝴蝶等图案,暗色底色,1
暗色的底色上点缀着白色的小花朵,点缀白色小花朵,0
红色的小叶子以及精致的蝴蝶等图案,点缀白色小花朵,1
在炎炎夏日里穿着也丝毫不会感觉到闷热哦!,不闷热,0
这款上衣的设计亮点之一是在其下摆的设计上,下摆设计,0
对身材具有很好的包容性,包容性好,0
收腰的版型,包容性好,1
遮肉显瘦效果明显。,包容性好,1
将女性的颈部线条修饰的更加完美,修饰颈部线条,0
而且穿脱也非常方便哦!,修饰颈部线条,1
而且穿脱也非常方便哦!,穿脱方便,0
将女性的颈部线条修饰的更加完美,穿脱方便,1
穿着比较舒适,穿着舒适,0
加上宽松的版型,穿着舒适,1
没有任何的束缚感,穿着舒适,1
没有任何的束缚感,没有束缚感,0
加上宽松的版型,没有束缚感,1
穿着比较舒适,没有束缚感,1
裙摆是A字型的设计,裙摆A字型,0
可以遮住大腿上多余的小肉肉,裙摆A字型,1
可以遮住大腿上多余的小肉肉,遮肉,0
裙摆是A字型的设计,遮肉,1
袖子上的印花是一大亮点,袖子印花,0
为衣服整体增添了设计感和时尚感,袖子印花,1
面料是100%的纯棉,100%纯棉,0
清新唯美的一款花色衬衫连衣裙,100%纯棉,1
蝴蝶等图案,精致刺绣,0
裙身上还点缀了精致的刺绣小花朵,精致刺绣,1
宽松的版式设计可以包容多种身材的人穿着,宽松板式,0
将双腿修饰得更加纤细笔直,修饰双腿纤细笔直,0
轻松打造出大长腿的既视感。,修饰双腿纤细笔直,1
轻松打造出大长腿的既视感。,打造大长腿,0
将双腿修饰得更加纤细笔直,打造大长腿,1
裤腿上还设计了两个大大的口袋,口袋设计,0
不会像普通背带裤一样有束缚感。,不会有束缚感,0
腰部做了可调节的设计,腰部可调节,0
保留了传统的旗袍样式,保留了传统旗袍样式,0
改良的旗袍连衣裙,保留了传统旗袍样式,1
很好的遮住了肚子上的小肉肉,遮肉,0
高腰的A字版型设计,遮肉,1
腰部做了收腰的处理,收腰处理,0
让腰身看起来纤细而修长,收腰处理,1
能够修饰颈部的线条,修饰颈部线条,0
高领的设计,修饰颈部线条,1
打造天鹅颈。,修饰颈部线条,1
把手臂上的肉肉都藏起来啦,藏肉,0
而且袖口还做了收紧的处理,藏肉,1
而且袖口还做了收紧的处理,袖口收紧,0
把手臂上的肉肉都藏起来啦,袖口收紧,1
裤脚的毛边是一大亮点,裤脚毛边,0
让整条裤子看起来不再那么单调,裤脚毛边,1
裤脚的毛边是一大亮点,不单调,0
让整条裤子看起来不再那么单调,不单调,1
这样就使得连衣裙看起来不那么单调了,不单调,0
精美的绣花在网纱上绽放着一朵朵娇艳的花朵,精美绣花,0
高腰的版型,高腰版型,0
拉长下半身比例的同时更显双腿修长。,高腰版型,1
性感的一字肩设计,性感一字肩设计,0
很有复古感的一件T恤,性感一字肩设计,1
露出肩部和锁骨,性感一字肩设计,1
遮掩起你的肚子上的肉肉哦!,遮肉,0
裙子是高腰腰型的设计,遮肉,1
乏味,不单调,0
使整件衣服看起来不那么单调,不单调,1
将古典与时尚完美的融合在了一起,古典与时尚完美融合,0
尽显东方女性的典雅韵味。,古典与时尚完美融合,1
显得腿部更加纤细和修长,显得腿部更加纤细修长,0
很好的遮住了肚子上的小肉肉。,遮肉,0
腰部是收腰的A字摆设计,遮肉,1
露出精致的锁骨,露出锁骨,0
V领的衣领设计,露出锁骨,1
撩人又性感。,露出锁骨,1
一方面可以系成一个蝴蝶结来增加甜美感觉,可以系成蝴蝶结,0
显得手臂更加纤细。,显得手臂纤细,0
宽松的H版型,宽松H版型,0
对身材有着极好的包容性,宽松H版型,1
可以根据自身需求来调节腰部的松紧程度,调节松紧,0
让穿着变得更加舒适,调节松紧,1
能够很好的遮盖身上多余的肉肉,遮肉,0
起到修身显瘦的效果。,遮肉,1
采用经典的圆领设计,经典圆领设计,0
这款气质冷艳的打底T恤,经典圆领设计,1
简单大方,经典圆领设计,1
不仅打破了整体的单调与乏味,打破单调,0
还令其更加的时髦有范。,打破单调,1
不仅打破了整体的单调与乏味,打破乏味,0
还令其更加的时髦有范。,打破乏味,1
小V领的款式露出女性性感的脖颈和锁骨,露出性感脖颈,0
小V领的款式露出女性性感的脖颈和锁骨,露出性感锁骨,0
对各种身材都很友好哦,对各种身材都友好,0
袖口和衣摆都做了翻边的处理,对各种身材都友好,1
袖口和衣摆都做了翻边的处理,翻边处理,0
对各种身材都很友好哦,翻边处理,1
裙子的表面还加上了珠片的点缀,珠片点缀,0
焕发出亮眼的光泽感,珠片点缀,1
摆脱了纯色的单调与乏味。,摆脱单调,0
修饰精致的脸型,修饰精致脸型,0
经典的翻领设计,修饰精致脸型,1
显得精神又干练,修饰精致脸型,1
短袖的长度刚好遮住了大腿上的肉肉,遮肉,0
这款连衣裙采用了无袖的设计,无袖设计,0
露出了纤细的胳膊和香肩,无袖设计,1
露出了纤细的胳膊和香肩,露出胳膊,0
这款连衣裙采用了无袖的设计,露出胳膊,1
露出了纤细的胳膊和香肩,露出香肩,0
这款连衣裙采用了无袖的设计,露出香肩,1
CaliGal一寸日光针织T恤采用一字肩的设计,一字肩设计,0
方便插手和放置随身小件物品,方便放置随身小物品,0
两侧斜插口袋的设计,方便放置随身小物品,1
经典的衬衫领设计,经典衬衫领设计,0
修饰脸型和颈部线条,经典衬衫领设计,1
修饰脸型和颈部线条,修饰颈部线条,0
经典的衬衫领设计,修饰颈部线条,1
裙摆的设计很心机,裙摆飘逸,0
行走之间随风飘动特别飘逸,裙摆飘逸,1
美翻天!,裙摆飘逸,1
沉闷!,不单调,0
为衣服增添了亮点,不单调,1
让整件衣服看起来不那么单调,不单调,1
轻松勾勒出你的优美身材和曼妙曲线,勾勒曼妙曲线,0
下摆的宽松设计可以遮住肚子上的肉肉,下摆宽松设计,0
让你看上去瘦了好几倍哦!,下摆宽松设计,1
下摆的宽松设计可以遮住肚子上的肉肉,遮肉,0
让你看上去瘦了好几倍哦!,遮肉,1
而且这种设计还可以遮住肚子上的肉肉哦,遮肉,0
显得腿很长又细!,显腿长,0
轻松勾勒出小蛮腰,勾勒小蛮腰,0
腰部系带设计,勾勒小蛮腰,1
尽显迷人好身材!,勾勒小蛮腰,1
波浪边的设计,不单调,0
让整条裙子看起来不那么单调,不单调,1
有一点小俏皮,不单调,1
修身的版型设计,修身版型设计,0
很好的突显身材的曲线。,修身版型设计,1
很好的突显身材的曲线。,突显身材曲线,0
修身的版型设计,突显身材曲线,1
腰部做了收腰的处理,收腰处理,0
轻松勾勒出窈窕动人的腰肢曲线,收腰处理,1
轻松勾勒出窈窕动人的腰肢曲线,勾勒腰肢曲线,0
腰部做了收腰的处理,勾勒腰肢曲线,1
而碎花的印花设计,碎花印花设计,0
又为其增添了一丝清新的味道。,碎花印花设计,1
这样一来就让整件裙子看起来不那么单调了,不单调,0
修饰不完美腿型的同时又能遮挡住大腿上的赘肉,遮肉,0
成为时尚的宠儿。,时尚宠儿,0
高街潮牌印花点缀,时尚宠儿,1
穿着舒适得体。,穿着得体,0
时尚翻领设计,穿着得体,1
贴合颈部曲线,穿着得体,1
将你的颈部线条衬托得更加的修长一些。,衬托颈部线条,0
这款半身裙采用蕾丝与网纱的拼接,网纱拼接,0
显得身材更加苗条,显苗条,0
高腰的A字版型设计,显苗条,1
拉长下半身比例,显苗条,1
两侧大大的口袋,两侧大口袋,0
后摆做了开叉处理,后摆开叉处理,0
行走间露出一截小腿,后摆开叉处理,1
显得人高挑又纤细。,后摆开叉处理,1
显得人高挑又纤细。,显高挑,0
后摆做了开叉处理,显高挑,1
行走间露出一截小腿,显高挑,1
显得人高挑又有气质哦!,显高挑,0
显得双腿更加笔直修长。,双腿笔直修长,0
高腰的修身版型,双腿笔直修长,1
视觉上拉长下半身比例,双腿笔直修长,1
袖口和裙摆等处都做了单排扣的设计。,单排扣设计,0
在领口,单排扣设计,1
袖口以及下摆都做了荷叶边的设计,荷叶边设计,0
领口,荷叶边设计,1
而下摆的破洞处理,下摆破洞处理,0
流露出复古的街头气息,下摆破洞处理,1
让人一见钟情。,下摆破洞处理,1
流露出复古的街头气息,复古街头气息,0
而下摆的破洞处理,复古街头气息,1
让人一见钟情。,复古街头气息,1
衣身多处加入铆钉和破洞的元素,"铆钉元素,",0
衣身多处加入铆钉和破洞的元素,破洞元素,0
穿在身上尽显出女性的典雅与十足的个性,十足个性,0
旗袍款式的外套,十足个性,1
加上了翻边的修饰,翻边修饰,0
具有时尚洋气的效果。,翻边修饰,1
不规则的裙摆设计,不规则裙摆设计,0
行走间随风飘扬,不规则裙摆设计,1
尽显灵动飘逸感。,不规则裙摆设计,1
勾勒出腰身线条,勾勒腰身线条,0
腰部收腰设计,勾勒腰身线条,1
凸显小蛮腰。,勾勒腰身线条,1
看起来不那么单调,不单调,0
而且这个长度也很适合腿粗的妹子来穿呢,不单调,1
风琴百褶的设计是这款短裤的最大亮点,风琴百褶设计,0
不仅能够修饰出女性纤细的颈部线条,修饰颈部线条,0
而且还带着复古的感觉。,修饰颈部线条,1
采用微喇叭的裤型设计,微喇裤型,0
MOCOPAT的这款不规则毛边牛仔裤,微喇裤型,1
它不仅能遮住腿上的肉肉,遮肉,0
阔腿裤是今年的大热单品,遮肉,1
而衣身最大的亮点在于下摆的不规则设计,下摆不规则设计,0
这款连衣裙精选优质的面料进行打造,精选优质面料,0
手感顺滑,精选优质面料,1
富有肌理,精选优质面料,1
让整件衣服看起来不那么单调与沉闷!,不单调,0
腰部是松紧的设计,松紧设计,0
穿脱会更加方便呢,松紧设计,1
穿脱会更加方便呢,穿脱方便,0
腰部是松紧的设计,穿脱方便,1
采用经典排扣设计,双排扣设计,0
这款风衣料防水科技面料刻字双排扣半裙,双排扣设计,1
凸显锁骨和颈部线条,凸显锁骨线条,0
优雅不失性感。,凸显锁骨线条,1
凸显锁骨和颈部线条,凸显颈部线条,0
优雅不失性感。,凸显颈部线条,1
更是可以完美的凸显出女性的锁骨与肩部的曲线来,凸显锁骨曲线,0
吊带的设计,凸显锁骨曲线,1
更是可以完美的凸显出女性的锁骨与肩部的曲线来,凸显肩部曲线,0
吊带的设计,凸显肩部曲线,1
双排扣的设计,双排扣设计,0
让整件外套看起来不那么单调和沉闷了!,双排扣设计,1
双排扣的设计,不单调,0
让整件外套看起来不那么单调和沉闷了!,不单调,1
双排扣的设计,不沉闷,0
让整件外套看起来不那么单调和沉闷了!,不沉闷,1
裙摆是不规则的设计,不规则设计,0
裙子的表面还加上了荷叶边的元素,荷叶边元素,0
可以遮住大腿上的肉肉,遮肉,0
裙摆是A字型的设计,遮肉,1
宽松的版型对身材没有太大的限制,对身材没有限制,0
修身收腰的版型,收腰版型,0
经典的OL风设计,收腰版型,1
让腿部看起来更加的修长。,腿部修长,0
让整条裙子看起来不那么单调,不单调,0
有一点小复古的感觉。,不单调,1
这款连衣裙采用微透的蕾丝面料,微透蕾丝面料,0
隐约露出肌肤,微透蕾丝面料,1
性感而迷人。,微透蕾丝面料,1
视觉上拉伸了颈部线条,拉伸颈部线条,0
黑白无常真丝短袖T恤,拉伸颈部线条,1
V领的袖型设计,拉伸颈部线条,1
腰部是松紧加抽绳的双重调节方式,松紧抽绳,0
能够拉长身体比例,拉长身材比例,0
短款的设计,拉长身材比例,1
显得身材更加高挑修长。,拉长身材比例,1
显得身材更加高挑修长。,显得身材高挑,0
短款的设计,显得身材高挑,1
能够拉长身体比例,显得身材高挑,1
这样一来就不会像普通款那样容易走形了,不会走形,0
既不显得单调又不至于太俗气。,不单调,0
既不显得单调又不至于太俗气。,不俗气,0
松紧腰口的设计,松紧腰口设计,0
可随自己腰围大小来调节,松紧腰口设计,1
可随自己腰围大小来调节,可调节,0
松紧腰口的设计,可调节,1
而高腰的版型更是将腰线提高到了一个新的高度,提高腰线,0
反而多了一些层次感和设计感。,不单调,0
让整条裙子看起来不那么单调,不单调,1
裙子的下摆是A字的款式,A字款,0
可以遮住腿上的肉肉,A字款,1
可以遮住腿上的肉肉,遮肉,0
裙子的下摆是A字的款式,遮肉,1
腰间的收腰设计,勾勒腰身,0
轻松勾勒出纤细的腰身,勾勒腰身,1
尽显迷人好身材。,勾勒腰身,1
尽显迷人好身材。,显身材,0
腰间的收腰设计,显身材,1
轻松勾勒出纤细的腰身,显身材,1
让整件衣服看起来不那么单调。,不单调,0
衣服整体版型是有点小宽松的那种。,版型宽松,0
裙摆是不规则的设计,裙摆不规则设计,0
行走之间尽显撩人姿态。,裙摆不规则设计,1
对身材包容性很好,包容性好,0
时髦洋气美极了的一款衬衫式连衣裙H版型,包容性好,1
裙摆是大A字的大摆设计,大A字大摆设计,0
上身超显腿细,大A字大摆设计,1
高腰线的设计搭配腰带系个蝴蝶结就更美了～,大A字大摆设计,1
露出一小段脚踝来显得腿又长又直。,显腿长,0
宽松的裤腿加上九分的裤长,显腿长,1
吊带的设计可以露出漂亮的锁骨和香肩,吊带设计,0
性感指数直线上升!,吊带设计,1
吊带的设计可以露出漂亮的锁骨和香肩,露出锁骨,0
性感指数直线上升!,露出锁骨,1
可以装一些小东西也可以放一些零钱,可带随身小物,0
钥匙等小物品哦!,可带随身小物,1
这条纱裙的设计真的超级棒啊,纱裙设计,0
仙女们穿上去就不想再脱下来啦,纱裙设计,1
可遮掩腿部的赘肉,遮肉,0
h型的裙摆设计,遮肉,1
带来视觉显瘦的效果。,遮肉,1
腰间做了收腰的处理,收腰处理,0
将腰部的曲线修饰得更加的纤细迷人哦!,收腰处理,1
裤子是宽松的阔腿设计,宽松阔腿设计,0
白色和粉色两个颜色供你挑选,两个颜色供挑选,0
这款连体裤有黑色,两个颜色供挑选,1
小个子女生也能轻松驾驭。,小个子也能驾驭,0
这款连衣裙采用无袖的设计,无袖设计,0
露出纤细的手臂,无袖设计,1
显得手臂更加纤细。,无袖设计,1
高腰的版型结合上阔腿的裤型,高腰版型,0
将双腿修饰得更加笔直又修长,高腰版型,1
高腰的版型结合上阔腿的裤型,阔腿裤型,0
将双腿修饰得更加笔直又修长,阔腿裤型,1
对身材包容性很好,包容性好,0
宽松的A字版型设计,包容性好,1
上身遮肉显瘦。,包容性好,1
上身非常显皮肤白。,上身显白,0
自带光泽感,上身显白,1
而且这样的设计也使得整款裙子看起来不那么单调和沉闷,不单调,0
而且这样的设计也使得整款裙子看起来不那么单调和沉闷,不沉闷,0
方便携带一些随身小物或者随时凹造型都不是问题呢,携带随身小物,0
下摆做了开叉处理,携带随身小物,1
侧边的撞色拼条设计,不单调,0
让整条裙子看起来不那么单调,不单调,1
收腰的腰部设计,收腰设计,0
提高腰线的同时拉长了下半身的比例,收腰设计,1
提高腰线的同时拉长了下半身的比例,拉长下半身比例,0
收腰的腰部设计,拉长下半身比例,1
让双腿看起来更加的笔直修长哦,双腿笔直修长,0
还能很好的遮住大腿上的赘肉。,遮肉,0
提臀收腰的同时,遮肉,1
POLO衫是夏季的必备单品之一,夏季必备,0
这款T恤采用纯色系设计,夏季必备,1
这款连衣裙采用V领的设计,V领设计,0
露出精致的锁骨和优美的天鹅颈,V领设计,1
露出精致的锁骨和优美的天鹅颈,露出精致锁骨,0
这款连衣裙采用V领的设计,露出精致锁骨,1
后背的大V领露出了纤细的锁骨与优美的背部线条,露出纤细锁骨,0
胸前的字母和图案是一大亮点哦,露出纤细锁骨,1
后背的大V领露出了纤细的锁骨与优美的背部线条,露出背部线条,0
胸前的字母和图案是一大亮点哦,露出背部线条,1
可以遮住手臂上的肉肉,遮肉,0
这款上衣采用喇叭袖的袖型设计,遮肉,1
选用高级的丝绒面料,高级丝绒面料,0
摸起来手感超级棒。,高级丝绒面料,1
bling的闪亮光泽。,blingbling,0
在光线的照射下会散发出bling,blingbling,1
还能让双腿看起来更加笔直修长。,双腿笔直修长,0
宽松的A字裙型加上大裙摆的设计,大裙摆设计,0
轻松勾勒出纤细腰身线条。,勾勒腰身线条,0
收腰的版式设计,勾勒腰身线条,1
显得身材更加高挑修长。,显高挑,0
上身透气舒适。,上身舒适,0
可以遮挡住手臂上的拜拜肉,遮肉,0
袖子是今年很流行的泡泡袖样式,遮肉,1
而且这个长度可以遮住臀部和大腿上多余的小肉肉,遮肉,0
下摆的弧形剪裁结合前短后长的裁剪方式,下摆弧形剪裁,0
能够隐藏身上多余的赘肉。,藏肉,0
修饰柔美的颈部线条,修饰柔美颈部线条,0
展现迷人的锁骨。,修饰柔美颈部线条,1
尽显性感优雅的女性魅力。,尽显女性魅力,0
露出精致的锁骨和优美的脖颈线条,尽显女性魅力,1
怎么能少得了一件背心式的连衣裙呢?,背心式连衣裙,0
炎热的夏日来临,背心式连衣裙,1
性感的一字肩设计,性感一字肩设计,0
温柔风蕾丝小一字肩上衣,性感一字肩设计,1
能从视觉上拉长你的腿部比例,拉长腿部比例,0
这款裤子采用高腰的阔腿版型设计,拉长腿部比例,1
让整件衬衫看起来不那么单调了!,不单调,0
形成自然的褶皱效果,自然褶皱效果,0
让整件衬衫看起来不那么单调。,自然褶皱效果,1
形成自然的褶皱效果,不单调,0
让整件衬衫看起来不那么单调。,不单调,1
打造出了两件套的效果。,两件套效果,0
直筒的裤型设计,直筒裤型设计,0
能够很好的修饰你纤细的小腿曲线,直筒裤型设计,1
能够很好的修饰你纤细的小腿曲线,修饰小腿曲线,0
直筒的裤型设计,修饰小腿曲线,1
能够遮挡住腹部的赘肉,遮肉,0
这款T恤裙采用了宽松的版型,遮肉,1
高腰的设计加上宽松的裤腿,高腰设计,0
可以在视觉上拉长下半身的比例,高腰设计,1
高腰的设计加上宽松的裤腿,宽松裤腿,0
可以在视觉上拉长下半身的比例,宽松裤腿,1
可以在视觉上拉长下半身的比例,拉长下半身比例,0
高腰的设计加上宽松的裤腿,拉长下半身比例,1
让整条裙子看起来不那么单调了!,不单调,0
领口的蕾丝设计是一大亮点,不单调,1
裤脚做了花苞的设计,不单调,0
让整条裤子看起来不那么单调,不单调,1
A字的裙摆遮住了大腿上的肉肉,A字裙摆,0
让双腿看起来笔直修长。,A字裙摆,1
沉闷了起来,不单调,0
一是可以挽起也可以系成蝴蝶结来做装饰,不单调,1
让整件上衣看起来不那么单调,不单调,1
而下摆的开叉处理更是为这件衬衫增添了一些小俏皮与灵动的感觉,不单调,1
沉闷了起来,不沉闷,0
一是可以挽起也可以系成蝴蝶结来做装饰,不沉闷,1
让整件上衣看起来不那么单调,不沉闷,1
而下摆的开叉处理更是为这件衬衫增添了一些小俏皮与灵动的感觉,不沉闷,1
还营造出了浓郁的中国风韵味。,浓郁中国风韵味,0
露出精致锁骨和优美天鹅颈,露出优美天鹅颈,0
领口是V领设计,露出优美天鹅颈,1
显得脖子更加修长,露出优美天鹅颈,1
简约的V领设计,简约V领设计,0
勾勒出优美的颈部曲线,简约V领设计,1
勾勒出优美的颈部曲线,勾勒优美颈部曲线,0
简约的V领设计,勾勒优美颈部曲线,1
很好的遮住了大腿上的肉肉,遮肉,0
这款半身裙采用A字版型的设计,遮肉,1
经典的V领领型,经典V领领型,0
露出精致的锁骨和优美的脖颈线条,经典V领领型,1
即使腿型不完美的妹子也能轻松驾驭哦!,腿型不完美的妹子能驾驭,0
不仅丰富了整体的细节感,丰富细节,0
这款衬衫的前襟采用了系带领带的设计,丰富细节,1
让你瞬间拥有两米八大长腿哦!,拥有大长腿,0
它不仅能帮你遮住肚子上的小肉肉,遮肉,0
还能让你秒变小公举。,遮肉,1
这款连衣裙采用半透的网纱面料打造,半透网纱面料,0
带来朦胧的透视效果,半透网纱面料,1
带来朦胧的透视效果,朦胧透视效果,0
这款连衣裙采用半透的网纱面料打造,朦胧透视效果,1
再加上短袖的设计,短袖设计,0
露出了纤细的手腕和修长的手臂,短袖设计,1
露出了纤细的手腕和修长的手臂,露出了纤细手腕,0
再加上短袖的设计,露出了纤细手腕,1
露出了纤细的手腕和修长的手臂,露出修长手臂,0
再加上短袖的设计,露出修长手臂,1
再加上它的V领款式和无袖的设计,无袖设计,0
裤脚毛边的点缀,毛边点缀,0
增添了裤子的时尚感和设计感,毛边点缀,1
还有修身的版型设计,修身版型,0
将女性优美迷人的身段展现得更加淋漓尽致,修身版型,1
加上立体口袋的装饰,立体口袋装饰,0
凸显出独立干练的性格品质,立体口袋装饰,1
会是有着透视的效果,透视效果,0
这款就是一款蕾丝印花短袖上衣,透视效果,1
很是性感,透视效果,1
衬托出纤细修长的颈部线条。,衬托纤细修长的颈部线条,0
很好的拉长了下半身的比例,拉长下半身比例,0
轻松打造出大长腿的既视感。,拉长下半身比例,1
轻松打造出大长腿的既视感。,打造大长腿,0
很好的拉长了下半身的比例,打造大长腿,1
这款休闲裤采用松紧腰的设计,松紧腰设计,0
对身材包容性很好,松紧腰设计,1
上身遮肉显瘦。,松紧腰设计,1
不会有紧绷的感觉。,不紧绷,0
这样穿起来会比较的舒适,不紧绷,1
露出纤细的手腕,露出纤细手腕,0
这款裙子采用七分袖的设计,露出纤细手腕,1
显得手臂更加纤细。,露出纤细手腕,1
可以拉长下半身的比例,拉长下半身比例,0
高腰的款式,拉长下半身比例,1
显得美腿更加修长,拉长下半身比例,1
显得美腿更加修长,显腿长,0
高腰的款式,显腿长,1
可以拉长下半身的比例,显腿长,1
上衣采用透视的网纱面料,透视网纱面料,0
若隐若现的露出肌肤,透视网纱面料,1
可以根据自己的身材来调节腰围的松紧程度,可调节,0
不会像普通连衣裙一样松松垮垮地系上一个蝴蝶结就太好看了!,可调节,1
可以放一些小东西也可以放一些随身的小东西哦!,可放随身物品,0
一是可以遮挡住手臂的小肉肉,遮肉,0
而袖口的荷叶边也是一大亮点,遮肉,1
腰间的绑带设计更是一大亮点,腰间绑带设计,0
让整条裙子看起来不那么单调!,腰间绑带设计,1
让整条裙子看起来不那么单调!,不单调,0
腰间的绑带设计更是一大亮点,不单调,1
修身的版型设计,修身版型,0
加上了高腰的设计,修身版型,1
可以轻松的穿出高挑的感觉,修身版型,1
这样会显得双腿更加修长呢?,显腿长,0
袖口的卷边设计,袖口卷边设计,0
尽显随意慵懒气质,袖口卷边设计,1
很好的修饰了身形,修饰身形,0
宽松的A字版型,修饰身形,1
反而多了一些俏皮和可爱的感觉。,不单调,0
让整件西服看起来不那么单调,不单调,1
裙摆是小A摆的设计,小A摆设计,0
衬托出纤细修长的脖颈线条,衬托脖颈线条,0
简洁的小翻领设计,衬托脖颈线条,1
沉闷了,不单调,0
再加上绑带元素的点缀,不单调,1
让整条裤子看起来不再那么单调,不单调,1
修饰出纤细的脖颈和小巧的脸型,修饰纤细脖颈,0
简约的圆领设计,修饰纤细脖颈,1
修饰出纤细的脖颈和小巧的脸型,修饰小巧脸型,0
简约的圆领设计,修饰小巧脸型,1
再加上腰部的系带设计,腰部系带设计,0
可系成蝴蝶结的样式,腰部系带设计,1
这款T恤最吸引人的地方就是网纱印花的设计,网纱印花设计,0
黑白的经典配色,黑白经典配色,0
怎么穿都不会出错。,黑白经典配色,1
让整件裙子看起来不那么单调。,不单调,0
悬垂感好且有独特的天然光泽和优良的耐皱性和尺寸稳定性,耐皱性优良,0
手感柔滑舒适,耐皱性优良,1
露出你纤细的脚踝,露纤细脚踝,0
九分裤的裤长设计,露纤细脚踝,1
视觉上拉长你的腿部线条。,露纤细脚踝,1
没有任何的束缚感,没有束缚感,0
适合于各种不同的体型。,没有束缚感,1
适合于各种不同的体型。,适合于各种体型,0
没有任何的束缚感,适合于各种体型,1
袖口和裙摆都拼接了一圈白色花边,拼接白色花边,0
领口,拼接白色花边,1
韩版的设计加上宽松的版型,韩版设计,0
轻松遮肉不挑身材。,韩版设计,1
将肩部和锁骨的线条修饰得更加柔美动人,修饰肩部线条,0
将肩部和锁骨的线条修饰得更加柔美动人,修饰锁骨线条,0
手感摸起来非常的顺滑不说还非常高级哦!,手感顺滑,0
上身之后会显得人很瘦哦!,显瘦,0
我觉得这个版型是比较偏宽松的那种,版型宽松,0
所以不会挑身材哦,版型宽松,1
所以不会挑身材哦,不挑身材,0
我觉得这个版型是比较偏宽松的那种,不挑身材,1
具有很好的延展性,延展性很好,0
久穿不易变形,延展性很好,1
贴身穿搭还有很好的保暖效果,延展性很好,1
贴身穿搭还有很好的保暖效果,保暖效果好,0
久穿不易变形,保暖效果好,1
具有很好的延展性,保暖效果好,1
再加上圆领的剪裁,圆领剪裁,0
还能衬托出娇小的脸型。,圆领剪裁,1
还能衬托出娇小的脸型。,衬托娇小脸型,0
再加上圆领的剪裁,衬托娇小脸型,1
轻松勾勒出你的纤细腰肢,勾勒纤细腰肢,0
展现你迷人的身材曲线。,勾勒纤细腰肢,1
展现你迷人的身材曲线。,展现迷人曲线,0
轻松勾勒出你的纤细腰肢,展现迷人曲线,1
下摆不规则的设计,下摆不规则设计,0
彰显随性不羁的个性和态度。,下摆不规则设计,1
让整款衣服显得不再那么单调和沉闷呢?,不单调,0
让整款衣服显得不再那么单调和沉闷呢?,不沉闷,0
让整件衣服看起来不那么单调,不单调,0
下摆的开叉设计是整件上衣的亮点所在,不单调,1
还让穿脱变得简单方便。,穿脱简单方便,0
不仅起到了勾勒轮廓的作用,穿脱简单方便,1
采用中式的旗袍设计,中式旗袍设计,0
手工豆蔻绣的这款无袖圆领长款连衣裙,中式旗袍设计,1
与裙身颜色形成鲜明的对比,颜色对比鲜明,0
让整条裙子看起来不那么单调!,颜色对比鲜明,1
让整条裙子看起来不那么单调!,不单调,0
与裙身颜色形成鲜明的对比,不单调,1
也可以根据自身需求来调整裤腰的松紧程度。,裤腰可调节,0
浪漫的小碎花点缀裙身,浪漫小碎花点缀,0
沉闷,不单调,0
这样的设计让裙子整体看上去不会那么单调,不单调,1
沉闷,不沉闷,0
这样的设计让裙子整体看上去不会那么单调,不沉闷,1
喇叭袖的设计,喇叭袖设计,0
梦游这款不规则a字连衣裙,喇叭袖设计,1
可以装一些随身的小物品,可以装随身小物品,0
裤子两侧有口袋,可以装随身小物品,1
袖口与领口都采用了荷叶边的设计,荷叶边设计,0
为衣服增添了甜美的感觉。,荷叶边设计,1
裤腿处的镂空设计是一大亮点,裤腿镂空设计,0
不仅让整条裤子看起来不那么单调,裤腿镂空设计,1
露出肩部和锁骨的线条,露出肩部线条,0
吊带的设计,露出肩部线条,1
性感而迷人。,露出肩部线条,1
露出肩部和锁骨的线条,露出锁骨线条,0
吊带的设计,露出锁骨线条,1
性感而迷人。,露出锁骨线条,1
这款上衣采用了灯笼袖的设计,灯笼袖设计,0
可以修饰手臂的线条,灯笼袖设计,1
在面料的选择上十分用心,面料选择用心,0
法国轻奢陈小颖的这款丝绒外套,面料选择用心,1
同时结合格纹的元素勾勒其中,格纹元素,0
穿搭起来更具端庄大气的姿态,格纹元素,1
修身的版型设计,修身版型,0
这款连体裤采用吊带的设计,吊带设计,0
露出肩部和颈部的肌肤,吊带设计,1
性感又迷人。,吊带设计,1
短款的设计,短款设计,0
上身会显得人比较高挑哦!,短款设计,1
短款的设计,显高挑,0
上身会显得人比较高挑哦!,显高挑,1
露出肩部和颈部的迷人线条,露出肩部线条,0
一字领露肩设计,露出肩部线条,1
性感又撩人。,露出肩部线条,1
露出肩部和颈部的迷人线条,露出颈部线条,0
一字领露肩设计,露出颈部线条,1
性感又撩人。,露出颈部线条,1
可以遮住腿上的小肉肉哦,遮肉,0
而且这个长度也很适合小个子女生来穿呢,遮肉,1
袖口和领口都采用了荷叶边的设计,荷叶边设计,0
修饰您的美丽颈部。,修饰颈部,0
本产品设计为精致V领样式,修饰颈部,1
美观优雅,修饰颈部,1
蛋糕边的裙摆,不单调,0
让整条裙子看起来不那么单调了!,不单调,1
分分钟穿出一米八的大长腿来。,穿出大长腿,0
可以遮住臀部和大腿上的赘肉,遮肉,0
起到显瘦的作用。,遮肉,1
能够在视觉上拉长你的腿部比例,视觉上拉长腿部比例,0
让你瞬间拥有大长腿。,视觉上拉长腿部比例,1
对身形有着良好的包容性,包容性好,0
宽松的直筒版型,包容性好,1
高腰的版型加上紧身的设计,高腰版型,0
高腰的版型加上紧身的设计,紧身设计,0
凸显优美天鹅颈。,凸显天鹅颈,0
而这两点也正是因为这些特点才使得这件毛衣看起来不那么单调,不单调,0
这条裙子的面料是100%的桑蚕丝材质,100%桑蚕丝材质,0
衬得双腿更加笔直修长哦!,双腿笔直修长,0
裙摆是小开衩的设计,小开衩设计,0
走动间随风飘扬,小开衩设计,1
仙气飘飘,小开衩设计,1
让整件衬衫看起来不那么单调和乏味!,不单调,0
让整件衬衫看起来不那么单调和乏味!,不乏味,0
而腰间的系带则可系成蝴蝶结来打个结,腰间系带,0
可以遮挡住手臂上的拜拜肉哦,腰间系带,1
高腰的设计,高腰设计,0
在视觉上拉长了下半身的比例,高腰设计,1
在视觉上拉长了下半身的比例,拉长下半身比例,0
高腰的设计,拉长下半身比例,1
这样一来就不会像普通圆领那样容易暴露出脖子上的小缺点了。,不会暴露缺点,0
单排扣的衣门襟设计,单排扣衣门襟设计,0
又使得本款上衣穿脱十分的便捷。,单排扣衣门襟设计,1
沉闷了!,不单调,0
而腰部的收腰设计更是让这件裙子看起来不那么单调,不单调,1
沉闷了!,不沉闷,0
而腰部的收腰设计更是让这件裙子看起来不那么单调,不沉闷,1
收拢了你的腰部,收拢腰部,0
裙子的层层蛋糕设计,收拢腰部,1
让你看起来更加纤细苗条。,收拢腰部,1
露出性感的锁骨和优美的脖颈线条,露出锁骨线条,0
采用性感的深V领设计,露出锁骨线条,1
露出性感的锁骨和优美的脖颈线条,露出颈部线条,0
采用性感的深V领设计,露出颈部线条,1
是微胖女性的福音,微胖女性福音,0
剪裁利落的衬衫版型,微胖女性福音,1
轻松隐藏身材的小瑕疵。,微胖女性福音,1
弱化了腰线的缺点,弱化腰线缺点,0
半身裙采用了A字的版型设计,弱化腰线缺点,1
而且裙身是宽松的H型版型,H版型,0
上身之后可以遮掩身材的小缺点哟!,H版型,1
上身之后可以遮掩身材的小缺点哟!,遮掩身材缺点,0
而且裙身是宽松的H型版型,遮掩身材缺点,1
这款连衣裙采用A字的版型设计,A字版型设计,0
能够遮掩住腰部的赘肉,A字版型设计,1
能够遮掩住腰部的赘肉,遮掩腰部赘肉,0
这款连衣裙采用A字的版型设计,遮掩腰部赘肉,1
腰部做了收腰的处理,收腰处理,0
勾勒出了纤细的小蛮腰,收腰处理,1
勾勒出了纤细的小蛮腰,勾勒小蛮腰,0
腰部做了收腰的处理,勾勒小蛮腰,1
裙身以精致的蕾丝进行点缀,精致蕾丝点缀,0
既丰富了裙子的层次感,精致蕾丝点缀,1
既丰富了裙子的层次感,丰富层次感,0
裙身以精致的蕾丝进行点缀,丰富层次感,1
宽松的A字版型,宽松A字版型,0
对身材包容性很好。,宽松A字版型,1
让下半身的比例更加完美!,下半身比例更加完美,0
显得不那么单调。,不单调,0
小立领的设计,小立领设计,0
很有心机的一款罩衫,小立领设计,1
衬托出纤细修长的颈部线条。,小立领设计,1
衬托出纤细修长的颈部线条。,衬托纤长颈部线条,0
很有心机的一款罩衫,衬托纤长颈部线条,1
小立领的设计,衬托纤长颈部线条,1
适合更多人群穿着。,适合多人群穿着,0
宽松的版型设计,适合多人群穿着,1
遮肉显瘦,适合多人群穿着,1
修身的版型,修身版型,0
可以完美的勾勒出身材的不完美之处,修身版型,1
露出娇美的锁骨,露出锁骨,0
这款连衣裙采用圆领设计,露出锁骨,1
显得脖子修长。,露出锁骨,1
而且这种袖型还可以很好的遮住你手臂上的一些小肉肉,遮肉,0
这样一来就不会像普通半身裙那样显得呆板无趣了,不呆板,0
这样一来就不会像普通半身裙那样显得呆板无趣了,不无趣,0
领口是V领的款式,V领款式,0
露出了锁骨与脖颈的线条,V领款式,1
显得脖子更加修长。,V领款式,1
中长裙的设计,遮肉,0
很好的遮住了臀部和大腿的赘肉,遮肉,1
胸前做了一个大大的口袋和两个小纽扣的设计也是一大亮点哦!,胸前大口袋,0
胸前做了一个大大的口袋和两个小纽扣的设计也是一大亮点哦!,小纽扣设计,0
侧边的撞色条纹设计,侧边撞色条纹设计,0
让裤子看起来不那么单调,侧边撞色条纹设计,1
V领的设计,V领设计,0
能够拉长颈部的曲线,V领设计,1
在视觉上有延伸的效果,V领设计,1
能够拉长颈部的曲线,拉长颈部曲线,0
V领的设计,拉长颈部曲线,1
在视觉上有延伸的效果,拉长颈部曲线,1
裙身精致的刺绣图案,精致刺绣图案,0
不仅打破了纯色的单调感,精致刺绣图案,1
不仅打破了纯色的单调感,打破纯色单调感,0
裙身精致的刺绣图案,打破纯色单调感,1
很好的修饰了脸型,修饰脸型,0
这一款印花褶皱连衣裙,修饰脸型,1
V领的设计,修饰脸型,1
宽松的灯笼袖口,宽松灯笼袖口,0
遮住了手臂上的小肉肉,宽松灯笼袖口,1
裤脚做了开叉的处理,裤脚开叉处理,0
行走之间露出了纤细的脚踝线条,裤脚开叉处理,1
行走之间露出了纤细的脚踝线条,露出纤细脚踝,0
裤脚做了开叉的处理,露出纤细脚踝,1
亮片的点缀让整条裙子看起来bling,亮片点缀,0
bling的感觉很美哦!,亮片点缀,1
宽松的版型搭配短款的设计,宽松版型,0
宽松的版型搭配短款的设计,短款设计,0
与后背的印花相呼应,后背印花,0
胸前和后背都印满了盼酷的英文标语,后背印花,1
收腰的版型自然就把曼妙身姿很好的突显了出来,收腰版型,0
这款T恤采用七分袖的设计,七分袖设计,0
可以遮挡住手臂上的拜拜肉,七分袖设计,1
可以遮挡住手臂上的拜拜肉,遮挡手臂拜拜肉,0
这款T恤采用七分袖的设计,遮挡手臂拜拜肉,1
这款外套的最大亮点就是蝙蝠袖的设计,蝙蝠袖设计,0
很好的拉长了下半身的比例。,拉长下半身比例,0
高腰的A字版型设计,拉长下半身比例,1
可以遮住肚子上的肉肉哦!,遮肉,0
下摆是有弧度的小A字剪裁,遮肉,1
灵动。,精致剪裁,0
宽松A字大摆的设计搭配精致的剪裁和精细的走线使裙摆更加飘逸,精致剪裁,1
灵动。,精细走线,0
宽松A字大摆的设计搭配精致的剪裁和精细的走线使裙摆更加飘逸,精细走线,1
领子是小V领和一粒扣的设计哦,一粒扣设计,0
这样的设计可以拉长脖子的线条来达到显瘦的作用,一粒扣设计,1
经典的条纹元素,经典条纹元素,0
视觉上拉伸了身体比例,经典条纹元素,1
视觉上拉伸了身体比例,拉伸身体比例,0
经典的条纹元素,拉伸身体比例,1
鱼尾的设计,鱼尾设计,0
通透灵动蕾丝修身半身裙,鱼尾设计,1
所以我买的是弹力真丝+氨纶混纺的,真丝氨纶混纺,0
穿起来会比较舒服,真丝氨纶混纺,1
垂感还挺好的那种,真丝氨纶混纺,1
垂感还挺好的那种,垂感好,0
所以我买的是弹力真丝+氨纶混纺的,垂感好,1
穿起来会比较舒服,垂感好,1
可以放一些随身的小物品哦,可放随身小物,0
袖口和领口都用了纽扣来做装饰,可放随身小物,1
袖口和领口都用了纽扣来做装饰,纽扣装饰,0
可以放一些随身的小物品哦,纽扣装饰,1
轻松的遮住腿上的小肉肉哦!,遮肉,0
超短的裙身设计,超短裙身设计,0
灰蓝色气质名媛小姐姐的百褶连衣短裙,超短裙身设计,1
能够拉长自己的身材比例,拉长身材比例,0
高腰的腰型设计,拉长身材比例,1
再加上开叉的裙摆,开叉裙摆,0
行走间露出腿部肌肤,开叉裙摆,1
更显性感与妩媚。,开叉裙摆,1
还能遮住大腿上的肉肉哦,遮肉,0
让整件衣服看起来不那么单调了!,不单调,0
领口和袖口都做了花边的设计,不单调,1
修饰出纤细的颈部线条,修饰纤细颈部线条,0
经典的衬衫翻领设计,修饰纤细颈部线条,1
袖口以及下摆都做了镂空的处理,镂空处理,0
而且在领口,镂空处理,1
改良的旗袍外套,改良旗袍,0
采用连袖的设计,改良旗袍,1
加上盘扣的点缀,改良旗袍,1
采用连袖的设计,连袖设计,0
改良的旗袍外套,连袖设计,1
加上盘扣的点缀,连袖设计,1
加上盘扣的点缀,盘扣点缀,0
改良的旗袍外套,盘扣点缀,1
采用连袖的设计,盘扣点缀,1
可以遮住肚子上的小肉肉,遮肉,0
版型是宽松版的,遮肉,1
对身材包容性很好,遮肉,1
不规则的裙摆剪裁,不规则裙摆剪裁,0
自然垂落在小腿上,不规则裙摆剪裁,1
显得腿部纤细又修长。,不规则裙摆剪裁,1
卷边的设计,卷边设计,0
增加了裤子的层次感和设计感。,卷边设计,1
这款衣服采用圆领和系带的组合设计,圆领和系带组合设计,0
很好的遮住了身材上的小缺陷,遮住身材小缺陷,0
中长款的西装版型,遮住身材小缺陷,1
这款裤子采用宽松的阔腿版型设计,宽松阔腿版型设计,0
能包容各种不完美的腿型,宽松阔腿版型设计,1
裙摆是A字版的设计,A字版设计,0
上身之后显得人很瘦哦!,A字版设计,1
上身之后显得人很瘦哦!,显瘦,0
裙摆是A字版的设计,显瘦,1
而且这种面料还不容易起球哦,不易起球,0
不用费心搭配就可以轻松出门了,不易起球,1
而且这种设计还能很好的遮挡住手臂上的拜拜肉,遮肉,0
搭配高腰的版型,连体版型设计,0
这款牛仔裤采用连体的版型设计,连体版型设计,1
搭配高腰的版型,高腰版型,0
这款牛仔裤采用连体的版型设计,高腰版型,1
采用了V领的设计,V领设计,0
这款毛衫的设计亮点之一是在其领口的设计上,V领设计,1
这款双层真丝旗袍连衣裙最大的亮点就在于它裙身的盘扣装饰设计,裙身盘扣装饰,0
露出精致的锁骨,露出精致锁骨,0
凸显颈部的优美线条。,露出精致锁骨,1
凸显颈部的优美线条。,凸显颈部优美线条,0
露出精致的锁骨,凸显颈部优美线条,1
同时对于颈部的曲线也有着非常好的修饰作用,修饰颈线,0
可以遮挡住手臂上的肉肉,遮肉,0
袖子是灯笼袖的设计,遮肉,1
胸前精致的刺绣,不单调,0
让整件衣服看起来不那么单调和沉闷,不单调,1
裙身以波点的元素进行点缀,波点元素,0
让整条裙子看起来不那么单调了起来,波点元素,1
裙身以波点的元素进行点缀,不单调,0
让整条裙子看起来不那么单调了起来,不单调,1
所以穿起来会显得腿很长哦!,显腿长,0
衣服是短款的,显腿长,1
让整件衬衫看上去不那么单调与乏味哦,不单调,0
让整件衬衫看上去不那么单调与乏味哦,不乏味,0
很好的遮住了大腿上多余的小肉肉哦,遮大腿肉,0
而且上身之后会显得人很瘦,遮大腿肉,1
身材好的妹子也完全可以驾驭这款裙子来穿呢?,遮大腿肉,1
而且上身之后会显得人很瘦,显瘦,0
很好的遮住了大腿上多余的小肉肉哦,显瘦,1
身材好的妹子也完全可以驾驭这款裙子来穿呢?,显瘦,1
沉闷,不单调,0
让衬衫看起来不那么单调,不单调,1
沉闷,不沉闷,0
让衬衫看起来不那么单调,不沉闷,1
衣身有小花的点缀,衣身小花点缀,0
让衣服整体看上去不会单调,衣身小花点缀,1
让衣服整体看上去不会单调,"不单调,",0
衣身有小花的点缀,"不单调,",1
开衫的门襟处采用了纽扣的设计,门襟处纽扣设计,0
让你穿脱的时候更加的便利,门襟处纽扣设计,1
让你穿脱的时候更加的便利,穿脱便利,0
开衫的门襟处采用了纽扣的设计,穿脱便利,1
袖子是喇叭袖的设计,喇叭袖设计,0
遮住了手臂上的拜拜肉,喇叭袖设计,1
遮住了手臂上的拜拜肉,遮肉,0
袖子是喇叭袖的设计,遮肉,1
双排扣的门襟,单穿,0
可以叠穿也可以单独穿着。,单穿,1
还很好的打破了整体衣身的单调性。,打破单调性,0
展露优美的肩颈曲线。,展露肩颈曲线,0
仙气飘飘的一款连衣裙,展露肩颈曲线,1
吊带的设计,展露肩颈曲线,1
不规则的裙摆剪裁,不规则剪裁,0
行走之间尽显飘逸洒脱之感。,不规则剪裁,1
可以自己调节腰围大小,可调节腰围,0
腰部是抽绳设计,可调节腰围,1
而高腰的版型和A字轮廓的制作,高腰版型,0
让穿着也非常的气质减龄。,高腰版型,1
袖口以及下摆都采用了螺纹针织收口的设计,螺纹针织收口设计,0
领口,螺纹针织收口设计,1
精选优质的牛仔布面料,精选优质面料,0
时髦百搭弹力修身显瘦毛边牛仔五分中裤,精选优质面料,1
修身的版型设计,修身版型设计,0
将男性挺拔的身姿展现地淋漓尽致。,修身版型设计,1
将腿部修饰的更加纤细,修饰腿部,0
塑造黄金比例身材,修饰腿部,1
喇叭裤脚的设计,修饰腿部,1
这样穿起来会显得腿部更加修长,显腿长,0
这款裤子还有两个颜色供你选择,显腿长,1
黑色和白色都是比较百搭的颜色,显腿长,1
这款裤子还有两个颜色供你选择,两个颜色供选择,0
这样穿起来会显得腿部更加修长,两个颜色供选择,1
黑色和白色都是比较百搭的颜色,两个颜色供选择,1
这条裙子的裙型是比较宽松的,宽松裙型,0
所以穿起来会比较舒适,宽松裙型,1
所以穿起来会比较舒适,穿着舒适,0
这条裙子的裙型是比较宽松的,穿着舒适,1
波点元素来装点,不单调,0
让整件小衫看起来不那么单调和沉闷,不单调,1
波点元素来装点,不沉闷,0
让整件小衫看起来不那么单调和沉闷,不沉闷,1
鱼尾的裙摆,鱼尾裙摆,0
行走间飘逸感十足。,鱼尾裙摆,1
丰富了整体的造型和层次,丰富造型,0
包臀的裙型设计,丰富造型,1
提升了立体感,丰富造型,1
丰富了整体的造型和层次,丰富层次,0
包臀的裙型设计,丰富层次,1
提升了立体感,丰富层次,1
提升了立体感,提升立体感,0
包臀的裙型设计,提升立体感,1
丰富了整体的造型和层次,提升立体感,1
让整件衣服看起来不那么单调,不单调,0
领口与袖口的木耳边设计,不单调,1
